state,district,ga_id,ga_name,entity,entity_group,note
Andhra Pradesh,Alluri Sitharama Raju,1.04,Kakinada,Bhagyanagar Gas Limited,Bhagyanagar Gas Limited,successor of pre-2022 district
Andhra Pradesh,Alluri Sitharama Raju,5.03,East Godavari District (EAAA),Godavari Gas Private Limited,Godavari Gas Private Limited,successor of pre-2022 district
Andhra Pradesh,Anakapalli,9.01,"Srikakulam, Visakhapatnam & Vizianagaram Districts",Indian Oil Corporation Limited,Indian Oil Corporation Limited,successor of pre-2022 district
Andhra Pradesh,Anantapuramu,10.01,Anantapur and YSR (Kadapa) Districts,AGP City Gas Private Limited,AGP / AG&P Pratham,successor of pre-2022 district
Andhra Pradesh,Annamayya,10.01,Anantapur and YSR (Kadapa) Districts,AGP City Gas Private Limited,AGP / AG&P Pratham,Kadapa; successor of pre-2022 district
Andhra Pradesh,Bapatla,11.01,"Kurnool, Guntur, and Prakasam districts",Indian Oil Corporation Limited,Indian Oil Corporation Limited,successor of pre-2022 district
Andhra Pradesh,Chittoor,10.03,"Chittoor, Kolar and Vellore Districts",AGP City Gas Private Limited,AGP / AG&P Pratham,
Andhra Pradesh,East Godavari,1.04,Kakinada,Bhagyanagar Gas Limited,Bhagyanagar Gas Limited,
Andhra Pradesh,East Godavari,5.03,East Godavari District (EAAA),Godavari Gas Private Limited,Godavari Gas Private Limited,
Andhra Pradesh,Eluru,5.04,West Godavari District,Godavari Gas Private Limited,Godavari Gas Private Limited,successor of pre-2022 district
Andhra Pradesh,Guntur,11.01,"Kurnool, Guntur, and Prakasam districts",Indian Oil Corporation Limited,Indian Oil Corporation Limited,
Andhra Pradesh,Kakinada,1.04,Kakinada,Bhagyanagar Gas Limited,Bhagyanagar Gas Limited,successor of pre-2022 district
Andhra Pradesh,Kakinada,5.03,East Godavari District (EAAA),Godavari Gas Private Limited,Godavari Gas Private Limited,successor of pre-2022 district
Andhra Pradesh,Konaseema,1.04,Kakinada,Bhagyanagar Gas Limited,Bhagyanagar Gas Limited,successor of pre-2022 district
Andhra Pradesh,Konaseema,5.03,East Godavari District (EAAA),Godavari Gas Private Limited,Godavari Gas Private Limited,successor of pre-2022 district
Andhra Pradesh,Krishna,5.06,Krishna District (EAAA),Megha City Gas Distribution Private Limited,Megha City Gas Distribution Private Limited,
Andhra Pradesh,Krishna,99.06,Vijaywada,Bhagyanagar Gas Limited,Bhagyanagar Gas Limited,
Andhra Pradesh,Kurnool,11.01,"Kurnool, Guntur, and Prakasam districts",Indian Oil Corporation Limited,Indian Oil Corporation Limited,
Andhra Pradesh,NTR,5.06,Krishna District (EAAA),Megha City Gas Distribution Private Limited,Megha City Gas Distribution Private Limited,successor of pre-2022 district
Andhra Pradesh,NTR,99.06,Vijaywada,Bhagyanagar Gas Limited,Bhagyanagar Gas Limited,successor of pre-2022 district
Andhra Pradesh,Nandyal,11.01,"Kurnool, Guntur, and Prakasam districts",Indian Oil Corporation Limited,Indian Oil Corporation Limited,successor of pre-2022 district
Andhra Pradesh,Palnadu,11.01,"Kurnool, Guntur, and Prakasam districts",Indian Oil Corporation Limited,Indian Oil Corporation Limited,successor of pre-2022 district
Andhra Pradesh,Parvathipuram Manyam,9.01,"Srikakulam, Visakhapatnam & Vizianagaram Districts",Indian Oil Corporation Limited,Indian Oil Corporation Limited,successor of pre-2022 district
Andhra Pradesh,Prakasam,11.01,"Kurnool, Guntur, and Prakasam districts",Indian Oil Corporation Limited,Indian Oil Corporation Limited,
Andhra Pradesh,Sri Potti Sriramulu Nellore,10.02,Sri Potti Sriramulu Nellore District,AGP City Gas Private Limited,AGP / AG&P Pratham,
Andhra Pradesh,Sri Sathya Sai,10.01,Anantapur and YSR (Kadapa) Districts,AGP City Gas Private Limited,AGP / AG&P Pratham,successor of pre-2022 district
Andhra Pradesh,Srikakulam,9.01,"Srikakulam, Visakhapatnam & Vizianagaram Districts",Indian Oil Corporation Limited,Indian Oil Corporation Limited,
Andhra Pradesh,Tirupati,10.03,"Chittoor, Kolar and Vellore Districts",AGP City Gas Private Limited,AGP / AG&P Pratham,successor of pre-2022 district
Andhra Pradesh,Visakhapatnam,9.01,"Srikakulam, Visakhapatnam & Vizianagaram Districts",Indian Oil Corporation Limited,Indian Oil Corporation Limited,
Andhra Pradesh,Vizianagaram,9.01,"Srikakulam, Visakhapatnam & Vizianagaram Districts",Indian Oil Corporation Limited,Indian Oil Corporation Limited,
Andhra Pradesh,West Godavari,5.04,West Godavari District,Godavari Gas Private Limited,Godavari Gas Private Limited,
Andhra Pradesh,YSR,10.01,Anantapur and YSR (Kadapa) Districts,AGP City Gas Private Limited,AGP / AG&P Pratham,Kadapa
Arunachal Pradesh,Anjaw,12.01,Arunachal Pradesh State,GAIL Gas Limited,GAIL Gas Limited,
Arunachal Pradesh,Changlang,12.01,Arunachal Pradesh State,GAIL Gas Limited,GAIL Gas Limited,
Arunachal Pradesh,East Kameng,12.01,Arunachal Pradesh State,GAIL Gas Limited,GAIL Gas Limited,
Arunachal Pradesh,East Siang,12.01,Arunachal Pradesh State,GAIL Gas Limited,GAIL Gas Limited,
Arunachal Pradesh,Kamle,12.01,Arunachal Pradesh State,GAIL Gas Limited,GAIL Gas Limited,
Arunachal Pradesh,Kra Daadi,12.01,Arunachal Pradesh State,GAIL Gas Limited,GAIL Gas Limited,
Arunachal Pradesh,Kurung Kumey,12.01,Arunachal Pradesh State,GAIL Gas Limited,GAIL Gas Limited,
Arunachal Pradesh,Lepa Rada,12.01,Arunachal Pradesh State,GAIL Gas Limited,GAIL Gas Limited,
Arunachal Pradesh,Lohit,12.01,Arunachal Pradesh State,GAIL Gas Limited,GAIL Gas Limited,
Arunachal Pradesh,Longding,12.01,Arunachal Pradesh State,GAIL Gas Limited,GAIL Gas Limited,
Arunachal Pradesh,Lower Dibang Valley,12.01,Arunachal Pradesh State,GAIL Gas Limited,GAIL Gas Limited,
Arunachal Pradesh,Lower Siang,12.01,Arunachal Pradesh State,GAIL Gas Limited,GAIL Gas Limited,
Arunachal Pradesh,Lower Subansiri,12.01,Arunachal Pradesh State,GAIL Gas Limited,GAIL Gas Limited,
Arunachal Pradesh,Namsai,12.01,Arunachal Pradesh State,GAIL Gas Limited,GAIL Gas Limited,
Arunachal Pradesh,Pakke Kessang,12.01,Arunachal Pradesh State,GAIL Gas Limited,GAIL Gas Limited,
Arunachal Pradesh,Papum Pare,12.01,Arunachal Pradesh State,GAIL Gas Limited,GAIL Gas Limited,
Arunachal Pradesh,Shi Yomi,12.01,Arunachal Pradesh State,GAIL Gas Limited,GAIL Gas Limited,
Arunachal Pradesh,Siang,12.01,Arunachal Pradesh State,GAIL Gas Limited,GAIL Gas Limited,
Arunachal Pradesh,Tawang,12.01,Arunachal Pradesh State,GAIL Gas Limited,GAIL Gas Limited,
Arunachal Pradesh,Tirap,12.01,Arunachal Pradesh State,GAIL Gas Limited,GAIL Gas Limited,
Arunachal Pradesh,Upper Dibang Valley,12.01,Arunachal Pradesh State,GAIL Gas Limited,GAIL Gas Limited,
Arunachal Pradesh,Upper Siang,12.01,Arunachal Pradesh State,GAIL Gas Limited,GAIL Gas Limited,
Arunachal Pradesh,Upper Subansiri,12.01,Arunachal Pradesh State,GAIL Gas Limited,GAIL Gas Limited,
Arunachal Pradesh,West Kameng,12.01,Arunachal Pradesh State,GAIL Gas Limited,GAIL Gas Limited,
Arunachal Pradesh,West Siang,12.01,Arunachal Pradesh State,GAIL Gas Limited,GAIL Gas Limited,
Assam,Baksa,11.05,"Baksa, Barpeta, Bongaigaon, Chirang, Nalbari and Bajali districts",Adani Total Gas Limited,Adani Total Gas Limited,
Assam,Barpeta,11.05,"Baksa, Barpeta, Bongaigaon, Chirang, Nalbari and Bajali districts",Adani Total Gas Limited,Adani Total Gas Limited,
Assam,Biswanath,11.03,"Lakhimpur, Dhemaji , Darrang, Udalgiri, Sonitpur and Biswanath Chariali districts",North East Gas Distribution Private Limited,North East Gas Distribution Private Limited,
Assam,Bongaigaon,11.05,"Baksa, Barpeta, Bongaigaon, Chirang, Nalbari and Bajali districts",Adani Total Gas Limited,Adani Total Gas Limited,
Assam,Cachar,9.02,"Cachar, Hailakandi & Karimganj Districts",Purba Bharti Gas Private Limited,Purba Bharti Gas Private Limited,
Assam,Charaideo,99.15,Upper Assam,Assam Gas Company Limited,Assam Gas Company Limited,
Assam,Chirang,11.05,"Baksa, Barpeta, Bongaigaon, Chirang, Nalbari and Bajali districts",Adani Total Gas Limited,Adani Total Gas Limited,
Assam,Darrang,11.03,"Lakhimpur, Dhemaji , Darrang, Udalgiri, Sonitpur and Biswanath Chariali districts",North East Gas Distribution Private Limited,North East Gas Distribution Private Limited,
Assam,Dhemaji,11.03,"Lakhimpur, Dhemaji , Darrang, Udalgiri, Sonitpur and Biswanath Chariali districts",North East Gas Distribution Private Limited,North East Gas Distribution Private Limited,
Assam,Dhubri,11.04,"Kokrajhar, Dhubri, South Salmara-Mankachar and Goalpara districts",Adani Total Gas Limited,Adani Total Gas Limited,
Assam,Dibrugarh,99.15,Upper Assam,Assam Gas Company Limited,Assam Gas Company Limited,
Assam,Dima Hasao,11.02,"Nagaon, Morigaon, Hojai, Karbi Anglong, West Karbi Anglong and Dima Hasao districts",Adani Total Gas Limited,Adani Total Gas Limited,
Assam,Goalpara,11.04,"Kokrajhar, Dhubri, South Salmara-Mankachar and Goalpara districts",Adani Total Gas Limited,Adani Total Gas Limited,
Assam,Golaghat,99.15,Upper Assam,Assam Gas Company Limited,Assam Gas Company Limited,
Assam,Hailakandi,9.02,"Cachar, Hailakandi & Karimganj Districts",Purba Bharti Gas Private Limited,Purba Bharti Gas Private Limited,
Assam,Hojai,11.02,"Nagaon, Morigaon, Hojai, Karbi Anglong, West Karbi Anglong and Dima Hasao districts",Adani Total Gas Limited,Adani Total Gas Limited,
Assam,Jorhat,99.15,Upper Assam,Assam Gas Company Limited,Assam Gas Company Limited,
Assam,Kamrup,9.03,Kamrup & Kamrup Metropolitan Districts,Purba Bharti Gas Private Limited,Purba Bharti Gas Private Limited,
Assam,Kamrup Metropolitan,9.03,Kamrup & Kamrup Metropolitan Districts,Purba Bharti Gas Private Limited,Purba Bharti Gas Private Limited,
Assam,Karbi Anglong,11.02,"Nagaon, Morigaon, Hojai, Karbi Anglong, West Karbi Anglong and Dima Hasao districts",Adani Total Gas Limited,Adani Total Gas Limited,
Assam,Karimganj,9.02,"Cachar, Hailakandi & Karimganj Districts",Purba Bharti Gas Private Limited,Purba Bharti Gas Private Limited,
Assam,Kokrajhar,11.04,"Kokrajhar, Dhubri, South Salmara-Mankachar and Goalpara districts",Adani Total Gas Limited,Adani Total Gas Limited,
Assam,Lakhimpur,11.03,"Lakhimpur, Dhemaji , Darrang, Udalgiri, Sonitpur and Biswanath Chariali districts",North East Gas Distribution Private Limited,North East Gas Distribution Private Limited,
Assam,Morigaon,11.02,"Nagaon, Morigaon, Hojai, Karbi Anglong, West Karbi Anglong and Dima Hasao districts",Adani Total Gas Limited,Adani Total Gas Limited,
Assam,Nagaon,11.02,"Nagaon, Morigaon, Hojai, Karbi Anglong, West Karbi Anglong and Dima Hasao districts",Adani Total Gas Limited,Adani Total Gas Limited,
Assam,Nalbari,11.05,"Baksa, Barpeta, Bongaigaon, Chirang, Nalbari and Bajali districts",Adani Total Gas Limited,Adani Total Gas Limited,
Assam,Sivasagar,99.15,Upper Assam,Assam Gas Company Limited,Assam Gas Company Limited,
Assam,Sonitpur,11.03,"Lakhimpur, Dhemaji , Darrang, Udalgiri, Sonitpur and Biswanath Chariali districts",North East Gas Distribution Private Limited,North East Gas Distribution Private Limited,
Assam,South Salmara Mankachar,11.04,"Kokrajhar, Dhubri, South Salmara-Mankachar and Goalpara districts",Adani Total Gas Limited,Adani Total Gas Limited,
Assam,Tinsukia,99.15,Upper Assam,Assam Gas Company Limited,Assam Gas Company Limited,
Assam,Udalguri,11.03,"Lakhimpur, Dhemaji , Darrang, Udalgiri, Sonitpur and Biswanath Chariali districts",North East Gas Distribution Private Limited,North East Gas Distribution Private Limited,
Assam,West Karbi Anglong,11.02,"Nagaon, Morigaon, Hojai, Karbi Anglong, West Karbi Anglong and Dima Hasao districts",Adani Total Gas Limited,Adani Total Gas Limited,
Bihar,Araria,10.04,"Araria, Purnia, Katihar and Kishanganj Districts",Indian Oil Corporation Limited,Indian Oil Corporation Limited,
Bihar,Arwal,10.05,"Arwal, Jehanabad, Bhojpur and Buxar Districts",Indian Oil Corporation Limited,Indian Oil Corporation Limited,
Bihar,Aurangabad,9.04,"Aurangabad, Kaimur & Rohtas Districts",Indian Oil Corporation Limited,Indian Oil Corporation Limited,
Bihar,Banka,11A.02,"Banka (Bihar), Dumka, Godda, Jamtara, Pakur & Sahibganj districts",Hindustan Petroleum Corporation Limited,Hindustan Petroleum Corporation Limited,
Bihar,Begusarai,9.05,Begusarai District,Think Gas Begusarai Private Limited,Think Gas,
Bihar,Bhagalpur,10.07,"Lakhisarai, Munger and Bhagalpur Districts",Indian Oil Corporation Limited,Indian Oil Corporation Limited,
Bihar,Bhojpur,10.05,"Arwal, Jehanabad, Bhojpur and Buxar Districts",Indian Oil Corporation Limited,Indian Oil Corporation Limited,
Bihar,Buxar,10.05,"Arwal, Jehanabad, Bhojpur and Buxar Districts",Indian Oil Corporation Limited,Indian Oil Corporation Limited,
Bihar,Darbhanga,11.06,"Darbhanga, Madhubani, Supaul, Sitamarhi and Sheohar districts",Bharat Petroleum Corporation Limited,Bharat Petroleum Corporation Limited,
Bihar,East Champaran,11.07,"Gopalganj, Siwan, West Champaran, East Champaran and Deoria districts",Bharat Petroleum Corporation Limited,Bharat Petroleum Corporation Limited,
Bihar,Gaya,9.06,Gaya & Nalanda Districts,Indian Oil-Adani Gas Private Limited,Indian Oil-Adani Gas Private Limited,
Bihar,Gopalganj,11.07,"Gopalganj, Siwan, West Champaran, East Champaran and Deoria districts",Bharat Petroleum Corporation Limited,Bharat Petroleum Corporation Limited,
Bihar,Jamui,10.10,"Sheikhpura, Jamui and Deoghar Districts",Indian Oil Corporation Limited,Indian Oil Corporation Limited,
Bihar,Jehanabad,10.05,"Arwal, Jehanabad, Bhojpur and Buxar Districts",Indian Oil Corporation Limited,Indian Oil Corporation Limited,
Bihar,Kaimur,9.04,"Aurangabad, Kaimur & Rohtas Districts",Indian Oil Corporation Limited,Indian Oil Corporation Limited,
Bihar,Katihar,10.04,"Araria, Purnia, Katihar and Kishanganj Districts",Indian Oil Corporation Limited,Indian Oil Corporation Limited,
Bihar,Khagaria,10.06,"Khagaria, Saharsa and Madhepura Districts",Indian Oil Corporation Limited,Indian Oil Corporation Limited,
Bihar,Kishanganj,10.04,"Araria, Purnia, Katihar and Kishanganj Districts",Indian Oil Corporation Limited,Indian Oil Corporation Limited,
Bihar,Lakhisarai,10.07,"Lakhisarai, Munger and Bhagalpur Districts",Indian Oil Corporation Limited,Indian Oil Corporation Limited,
Bihar,Madhepura,10.06,"Khagaria, Saharsa and Madhepura Districts",Indian Oil Corporation Limited,Indian Oil Corporation Limited,
Bihar,Madhubani,11.06,"Darbhanga, Madhubani, Supaul, Sitamarhi and Sheohar districts",Bharat Petroleum Corporation Limited,Bharat Petroleum Corporation Limited,
Bihar,Munger,10.07,"Lakhisarai, Munger and Bhagalpur Districts",Indian Oil Corporation Limited,Indian Oil Corporation Limited,
Bihar,Muzaffarpur,10.08,"Muzaffarpur, Vaishali, Saran and Samastipur Districts",Indian Oil Corporation Limited,Indian Oil Corporation Limited,
Bihar,Nalanda,9.06,Gaya & Nalanda Districts,Indian Oil-Adani Gas Private Limited,Indian Oil-Adani Gas Private Limited,
Bihar,Nawada,10.09,Nawada and Koderma Districts,Indian Oil Corporation Limited,Indian Oil Corporation Limited,
Bihar,Patna,97.01,Patna District,GAIL (India) Limited,GAIL (India) Limited,
Bihar,Purnia,10.04,"Araria, Purnia, Katihar and Kishanganj Districts",Indian Oil Corporation Limited,Indian Oil Corporation Limited,
Bihar,Rohtas,9.04,"Aurangabad, Kaimur & Rohtas Districts",Indian Oil Corporation Limited,Indian Oil Corporation Limited,
Bihar,Saharsa,10.06,"Khagaria, Saharsa and Madhepura Districts",Indian Oil Corporation Limited,Indian Oil Corporation Limited,
Bihar,Samastipur,10.08,"Muzaffarpur, Vaishali, Saran and Samastipur Districts",Indian Oil Corporation Limited,Indian Oil Corporation Limited,
Bihar,Saran,10.08,"Muzaffarpur, Vaishali, Saran and Samastipur Districts",Indian Oil Corporation Limited,Indian Oil Corporation Limited,
Bihar,Sheikhpura,10.10,"Sheikhpura, Jamui and Deoghar Districts",Indian Oil Corporation Limited,Indian Oil Corporation Limited,
Bihar,Sheohar,11.06,"Darbhanga, Madhubani, Supaul, Sitamarhi and Sheohar districts",Bharat Petroleum Corporation Limited,Bharat Petroleum Corporation Limited,
Bihar,Sitamarhi,11.06,"Darbhanga, Madhubani, Supaul, Sitamarhi and Sheohar districts",Bharat Petroleum Corporation Limited,Bharat Petroleum Corporation Limited,
Bihar,Siwan,11.07,"Gopalganj, Siwan, West Champaran, East Champaran and Deoria districts",Bharat Petroleum Corporation Limited,Bharat Petroleum Corporation Limited,
Bihar,Supaul,11.06,"Darbhanga, Madhubani, Supaul, Sitamarhi and Sheohar districts",Bharat Petroleum Corporation Limited,Bharat Petroleum Corporation Limited,
Bihar,Vaishali,10.08,"Muzaffarpur, Vaishali, Saran and Samastipur Districts",Indian Oil Corporation Limited,Indian Oil Corporation Limited,
Bihar,West Champaran,11.07,"Gopalganj, Siwan, West Champaran, East Champaran and Deoria districts",Bharat Petroleum Corporation Limited,Bharat Petroleum Corporation Limited,
Chandigarh,Chandigarh,2.01,Chandigarh#,Indian Oil-Adani Gas Private Limited,Indian Oil-Adani Gas Private Limited,
Chhattisgarh,Balod,11.10,"Mungeli, Bemetara, Durg, Balod and Dhamtari districts",Adani Total Gas Limited,Adani Total Gas Limited,
Chhattisgarh,Baloda Bazar,11.08,"Baloda Bazar, Gariyaband and Raipur districts",HCG Raipur Private Limited,Haryana City Gas group,
Chhattisgarh,Balrampur,11A.04,"Koriya, Surajpur, Balrampur and Surguja districts",Bharat Petroleum Corporation Limited,Bharat Petroleum Corporation Limited,
Chhattisgarh,Bametara,11.10,"Mungeli, Bemetara, Durg, Balod and Dhamtari districts",Adani Total Gas Limited,Adani Total Gas Limited,
Chhattisgarh,Bastar,11A.05,"Kondagaon, Bastar, Sukma, Narayanpur, Bijapur and Dantewada districts",GAIL Gas Limited,GAIL Gas Limited,
Chhattisgarh,Bijapur,11A.05,"Kondagaon, Bastar, Sukma, Narayanpur, Bijapur and Dantewada districts",GAIL Gas Limited,GAIL Gas Limited,
Chhattisgarh,Bilaspur,10.29,"Anuppur, Bilaspur and Korba Districts",Adani Total Gas Limited,Adani Total Gas Limited,
Chhattisgarh,Dakshin Bastar Dantewada,11A.05,"Kondagaon, Bastar, Sukma, Narayanpur, Bijapur and Dantewada districts",GAIL Gas Limited,GAIL Gas Limited,
Chhattisgarh,Dhamtari,11.10,"Mungeli, Bemetara, Durg, Balod and Dhamtari districts",Adani Total Gas Limited,Adani Total Gas Limited,
Chhattisgarh,Durg,11.10,"Mungeli, Bemetara, Durg, Balod and Dhamtari districts",Adani Total Gas Limited,Adani Total Gas Limited,
Chhattisgarh,Gariaband,11.08,"Baloda Bazar, Gariyaband and Raipur districts",HCG Raipur Private Limited,Haryana City Gas group,
Chhattisgarh,Janjgir Champa,11.11,"Jashpur, Raigarh, Janjgir-Champa and Mahasamund districts",Adani Total Gas Limited,Adani Total Gas Limited,
Chhattisgarh,Jashpur,11.11,"Jashpur, Raigarh, Janjgir-Champa and Mahasamund districts",Adani Total Gas Limited,Adani Total Gas Limited,
Chhattisgarh,Kabeerdham,11.09,"Kabirdham, Raj Nandgaon and Kanker districts",Adani Total Gas Limited,Adani Total Gas Limited,
Chhattisgarh,Kondagaon,11A.05,"Kondagaon, Bastar, Sukma, Narayanpur, Bijapur and Dantewada districts",GAIL Gas Limited,GAIL Gas Limited,
Chhattisgarh,Korba,10.29,"Anuppur, Bilaspur and Korba Districts",Adani Total Gas Limited,Adani Total Gas Limited,
Chhattisgarh,Koriya,11A.04,"Koriya, Surajpur, Balrampur and Surguja districts",Bharat Petroleum Corporation Limited,Bharat Petroleum Corporation Limited,
Chhattisgarh,Mahasamund,11.11,"Jashpur, Raigarh, Janjgir-Champa and Mahasamund districts",Adani Total Gas Limited,Adani Total Gas Limited,
Chhattisgarh,Mungeli,11.10,"Mungeli, Bemetara, Durg, Balod and Dhamtari districts",Adani Total Gas Limited,Adani Total Gas Limited,
Chhattisgarh,Narayanpur,11A.05,"Kondagaon, Bastar, Sukma, Narayanpur, Bijapur and Dantewada districts",GAIL Gas Limited,GAIL Gas Limited,
Chhattisgarh,Raigarh,11.11,"Jashpur, Raigarh, Janjgir-Champa and Mahasamund districts",Adani Total Gas Limited,Adani Total Gas Limited,
Chhattisgarh,Raipur,11.08,"Baloda Bazar, Gariyaband and Raipur districts",HCG Raipur Private Limited,Haryana City Gas group,
Chhattisgarh,Rajnandgaon,11.09,"Kabirdham, Raj Nandgaon and Kanker districts",Adani Total Gas Limited,Adani Total Gas Limited,
Chhattisgarh,Sukma,11A.05,"Kondagaon, Bastar, Sukma, Narayanpur, Bijapur and Dantewada districts",GAIL Gas Limited,GAIL Gas Limited,
Chhattisgarh,Surajpur,11A.04,"Koriya, Surajpur, Balrampur and Surguja districts",Bharat Petroleum Corporation Limited,Bharat Petroleum Corporation Limited,
Chhattisgarh,Surguja,11A.04,"Koriya, Surajpur, Balrampur and Surguja districts",Bharat Petroleum Corporation Limited,Bharat Petroleum Corporation Limited,
Chhattisgarh,Uttar Bastar Kanker,11.09,"Kabirdham, Raj Nandgaon and Kanker districts",Adani Total Gas Limited,Adani Total Gas Limited,
Dadra and Nagar Haveli and Daman and Diu,Dadra and Nagar Haveli,4.05,UT of Dadra & Nagar Haveli,Gujarat Gas Limited,Gujarat Gas Limited,
Dadra and Nagar Haveli and Daman and Diu,Daman,4.06,UT of Daman,Indian Oil-Adani Gas Private Limited,Indian Oil-Adani Gas Private Limited,
Dadra and Nagar Haveli and Daman and Diu,Diu,9.07,Diu and Gir Somnath Districts,IRM Energy Limited,IRM Energy Limited,
Delhi,Delhi,99.01,National Capital Territory of Delhi,Indraprastha Gas Limited,Indraprastha Gas Limited,
Goa,North Goa,6.07,North Goa District,Goa Natural Gas Private Limited,Goa Natural Gas Private Limited,
Goa,South Goa,8.01,South Goa District,Indian Oil-Adani Gas Private Limited,Indian Oil-Adani Gas Private Limited,
Gujarat,Ahmedabad,6.18,Ahmedabad District (EAAA),Gujarat Gas Limited,Gujarat Gas Limited,EAAA
Gujarat,Ahmedabad,98.08,Ahmedabad City and Daskroi Area,Adani Total Gas Limited,Adani Total Gas Limited,
Gujarat,Ahmedabad,-,Ahmedabad City (Only for CNG)**,Hindustan Petroleum Corporation Limited,Hindustan Petroleum Corporation Limited,
Gujarat,Amreli,6.03,Amreli District,Gujarat Gas Limited,Gujarat Gas Limited,
Gujarat,Anand,6.10,Anand District (EAAA),Gujarat Gas Limited,Gujarat Gas Limited,EAAA
Gujarat,Anand,98.11,Anand area including Kanjari & Vadtal Villages (in Kheda District),Charotar Gas Sahakari Mandali Limited,Charotar Gas Sahakari Mandali Limited,
Gujarat,Aravalli,99.11,Gandhinagar Mehsana Sabarkantha,Sabarmati Gas Limited,Sabarmati Gas Limited,district named in GA title (PDF column under-filled)
Gujarat,Banaskantha,6.09,Banaskantha District,IRM Energy Limited,IRM Energy Limited,
Gujarat,Bharuch,6.05,Dahej Vagra Taluka,Gujarat Gas Limited,Gujarat Gas Limited,
Gujarat,Bharuch,98.02,"Surat, Bharuch, Ankleshwar",Gujarat Gas Limited,Gujarat Gas Limited,
Gujarat,Bhavnagar,3.02,Bhavnagar,Gujarat Gas Limited,Gujarat Gas Limited,
Gujarat,Botad,9.09,Barwala & Ranpur Talukas,Adani Total Gas Limited,Adani Total Gas Limited,
Gujarat,Dahod,6.08,Dahod District,Gujarat Gas Limited,Gujarat Gas Limited,
Gujarat,Dang,9.10,"Navsari District (EAAA), Surat District (EAAA), Tapi District (EAAA) & the Dangs District",Adani Total Gas Limited,Adani Total Gas Limited,
Gujarat,Devbhumi Dwarka,3.03,Jamnagar,Gujarat Gas Limited,Gujarat Gas Limited,district named in GA title (PDF column under-filled)
Gujarat,Gandhinagar,99.11,Gandhinagar Mehsana Sabarkantha,Sabarmati Gas Limited,Sabarmati Gas Limited,
Gujarat,Gandhinagar,-,Gandhinagar**,Gujarat Gas Limited,Gujarat Gas Limited,
Gujarat,Gir Somnath,9.07,Diu and Gir Somnath Districts,IRM Energy Limited,IRM Energy Limited,
Gujarat,Jamnagar,3.03,Jamnagar,Gujarat Gas Limited,Gujarat Gas Limited,
Gujarat,Junagadh,9.11,Junagadh District,Torrent Gas Private Limited,Torrent Gas,
Gujarat,Kheda,9.12,Kheda District (EAAA) & Mahisagar District,Adani Total Gas Limited,Adani Total Gas Limited,EAAA
Gujarat,Kheda,98.04,Nadiad,Gujarat Gas Limited,Gujarat Gas Limited,
Gujarat,Kheda,98.11,Anand area including Kanjari & Vadtal Villages (in Kheda District),Charotar Gas Sahakari Mandali Limited,Charotar Gas Sahakari Mandali Limited,in Kheda
Gujarat,Kutch,3.04,Kutch (West),Gujarat Gas Limited,Gujarat Gas Limited,West
Gujarat,Kutch,3.05,Kutch (East)*,Jay Madhok Energy Private Limited led Consortium,Jay Madhok Energy Private Limited led Consortium,East
Gujarat,Mahisagar,9.12,Kheda District (EAAA) & Mahisagar District,Adani Total Gas Limited,Adani Total Gas Limited,
Gujarat,Mehsana,99.11,Gandhinagar Mehsana Sabarkantha,Sabarmati Gas Limited,Sabarmati Gas Limited,
Gujarat,Morbi,98.06,Rajkot,Gujarat Gas Limited,Gujarat Gas Limited,district named in GA title (PDF column under-filled)
Gujarat,Narmada,9.13,Narmada (Rajpipla) District,Gujarat Gas Limited,Gujarat Gas Limited,Rajpipla
Gujarat,Navsari,9.10,"Navsari District (EAAA), Surat District (EAAA), Tapi District (EAAA) & the Dangs District",Adani Total Gas Limited,Adani Total Gas Limited,EAAA
Gujarat,Navsari,98.05,Navsari,Gujarat Gas Limited,Gujarat Gas Limited,
Gujarat,Panchmahal,6.11,Panchmahal District,Gujarat Gas Limited,Gujarat Gas Limited,
Gujarat,Patan,6.04,Patan District,Sabarmati Gas Limited,Sabarmati Gas Limited,
Gujarat,Porbandar,9.14,Porbandar District,Adani Total Gas Limited,Adani Total Gas Limited,
Gujarat,Rajkot,98.06,Rajkot,Gujarat Gas Limited,Gujarat Gas Limited,
Gujarat,Sabarkantha,99.11,Gandhinagar Mehsana Sabarkantha,Sabarmati Gas Limited,Sabarmati Gas Limited,
Gujarat,Surat,9.10,"Navsari District (EAAA), Surat District (EAAA), Tapi District (EAAA) & the Dangs District",Adani Total Gas Limited,Adani Total Gas Limited,EAAA
Gujarat,Surat,98.02,"Surat, Bharuch, Ankleshwar",Gujarat Gas Limited,Gujarat Gas Limited,
Gujarat,Surat,98.09,Hazira,Gujarat Gas Limited,Gujarat Gas Limited,
Gujarat,Surendranagar,9.08,Surendranagar District (EAAA),Adani Total Gas Limited,Adani Total Gas Limited,EAAA
Gujarat,Surendranagar,98.07,Surendranagar,Gujarat Gas Limited,Gujarat Gas Limited,
Gujarat,Tapi,9.10,"Navsari District (EAAA), Surat District (EAAA), Tapi District (EAAA) & the Dangs District",Adani Total Gas Limited,Adani Total Gas Limited,EAAA
Gujarat,Vadodara,99.18,Vadodara,Vadodara Gas Limited,Vadodara Gas Limited,
Gujarat,Vadodara,-,Vadodara**,Adani Total Gas Limited,Adani Total Gas Limited,
Gujarat,Valsad,9.39,"Valsad (EAAA), Dhule & Nashik Districts",Maharashtra Natural Gas Limited,Maharashtra Natural Gas Limited,EAAA
Gujarat,Valsad,98.10,Valsad,Gujarat Gas Limited,Gujarat Gas Limited,
Gujarat,Vav-Tharad,6.09,Banaskantha District,IRM Energy Limited,IRM Energy Limited,
Haryana,Ambala,8.03,Ambala & Kurukshetra Districts,HPOIL Gas Private Limited,HPOIL Gas Private Limited,
Haryana,Bhiwani,9.16,"Bhiwani, Charkhi Dadri & Mahendragarh Districts",Adani Total Gas Limited,Adani Total Gas Limited,
Haryana,Charkhi Dadri,9.16,"Bhiwani, Charkhi Dadri & Mahendragarh Districts",Adani Total Gas Limited,Adani Total Gas Limited,
Haryana,Faridabad,95.01,Faridabad-2,Adani Total Gas Limited,Adani Total Gas Limited,
Haryana,Faridabad,-,Faridabad-1,Indraprastha Gas Limited,Indraprastha Gas Limited,
Haryana,Fatehabad,10.12,"Sirsa, Fatehabad and Mansa (Punjab) Districts",Gujarat Gas Limited,Gujarat Gas Limited,
Haryana,Gurugram,98.13,Gurugram-2,Haryana City Gas Distribution Limited,Haryana City Gas group,
Haryana,Gurugram,-,Gurugram-1,Indraprastha Gas Limited,Indraprastha Gas Limited,
Haryana,Hisar,9.17,Hisar District,HCG (KCE) Private Limited,Haryana City Gas group,
Haryana,Jhajjar,9.18,Jhajjar District,Haryana City Gas (KCE) Private Limited,Haryana City Gas group,
Haryana,Jind,9.19,Sonipat District (EAAA) & Jind District,Hindustan Petroleum Corporation Limited,Hindustan Petroleum Corporation Limited,
Haryana,Kaithal,10.11,Kaithal District,Indraprastha Gas Limited,Indraprastha Gas Limited,
Haryana,Karnal,8.02,Karnal District,Indraprastha Gas Limited,Indraprastha Gas Limited,
Haryana,Kurukshetra,8.03,Ambala & Kurukshetra Districts,HPOIL Gas Private Limited,HPOIL Gas Private Limited,
Haryana,Mahendragarh,9.16,"Bhiwani, Charkhi Dadri & Mahendragarh Districts",Adani Total Gas Limited,Adani Total Gas Limited,
Haryana,Nuh,9.2,Nuh & Palwal Districts,Adani Total Gas Limited,Adani Total Gas Limited,
Haryana,Palwal,9.2,Nuh & Palwal Districts,Adani Total Gas Limited,Adani Total Gas Limited,
Haryana,Panchkula,2.01,Chandigarh,Indian Oil-Adani Gas Private Limited,Indian Oil-Adani Gas Private Limited,
Haryana,Panchkula,9.15,"Panchkula District (EAAA), Sirmaur, Shimla & Solan (EAAA) Districts",Indian Oil-Adani Gas Private Limited,Indian Oil-Adani Gas Private Limited,EAAA
Haryana,Panipat,4.02,Panipat District,Indian Oil-Adani Gas Private Limited,Indian Oil-Adani Gas Private Limited,
Haryana,Rewari,6.15,Rewari District,Indraprastha Gas Limited,Indraprastha Gas Limited,
Haryana,Rohtak,6.17,Rohtak District,Bharat Petroleum Corporation Limited,Bharat Petroleum Corporation Limited,
Haryana,Sirsa,10.12,"Sirsa, Fatehabad and Mansa (Punjab) Districts",Gujarat Gas Limited,Gujarat Gas Limited,
Haryana,Sonipat,1.05,Sonipat,GAIL Gas Limited,GAIL Gas Limited,
Haryana,Sonipat,9.19,Sonipat District (EAAA) & Jind District,Hindustan Petroleum Corporation Limited,Hindustan Petroleum Corporation Limited,EAAA
Haryana,Yamunanagar,6.13,Yamunanagar District,Bharat Petroleum Corporation Limited,Bharat Petroleum Corporation Limited,
Himachal Pradesh,Bilaspur,9.21,"Bilaspur, Hamirpur & Una Districts",Bharat Petroleum Corporation Limited,Bharat Petroleum Corporation Limited,
Himachal Pradesh,Chamba,11.17,Kangra and Chamba districts,Think Gas Himachal Private Limited,Think Gas,
Himachal Pradesh,Hamirpur,9.21,"Bilaspur, Hamirpur & Una Districts",Bharat Petroleum Corporation Limited,Bharat Petroleum Corporation Limited,
Himachal Pradesh,Kangra,11.17,Kangra and Chamba districts,Think Gas Himachal Private Limited,Think Gas,
Himachal Pradesh,Kinnaur,11.16,"Mandi, Kullu, Kinnaur and Lahaul & Spiti districts",Gasonet Services (HP) Limited,Gasonet Services,
Himachal Pradesh,Kullu,11.16,"Mandi, Kullu, Kinnaur and Lahaul & Spiti districts",Gasonet Services (HP) Limited,Gasonet Services,
Himachal Pradesh,Lahaul and Spiti,11.16,"Mandi, Kullu, Kinnaur and Lahaul & Spiti districts",Gasonet Services (HP) Limited,Gasonet Services,
Himachal Pradesh,Mandi,11.16,"Mandi, Kullu, Kinnaur and Lahaul & Spiti districts",Gasonet Services (HP) Limited,Gasonet Services,
Himachal Pradesh,Shimla,9.15,"Panchkula District (EAAA), Sirmaur, Shimla & Solan (EAAA) Districts",Indian Oil-Adani Gas Private Limited,Indian Oil-Adani Gas Private Limited,
Himachal Pradesh,Sirmaur,9.15,"Panchkula District (EAAA), Sirmaur, Shimla & Solan (EAAA) Districts",Indian Oil-Adani Gas Private Limited,Indian Oil-Adani Gas Private Limited,
Himachal Pradesh,Solan,2.01,Chandigarh,Indian Oil-Adani Gas Private Limited,Indian Oil-Adani Gas Private Limited,
Himachal Pradesh,Solan,9.15,"Panchkula District (EAAA), Sirmaur, Shimla & Solan (EAAA) Districts",Indian Oil-Adani Gas Private Limited,Indian Oil-Adani Gas Private Limited,EAAA
Himachal Pradesh,Una,9.21,"Bilaspur, Hamirpur & Una Districts",Bharat Petroleum Corporation Limited,Bharat Petroleum Corporation Limited,
Jammu and Kashmir,Anantnag,12.06,UT of Jammu & Kashmir and Ladakh,GAIL Gas Limited,GAIL Gas Limited,
Jammu and Kashmir,Bandipora,12.06,UT of Jammu & Kashmir and Ladakh,GAIL Gas Limited,GAIL Gas Limited,
Jammu and Kashmir,Baramulla,12.06,UT of Jammu & Kashmir and Ladakh,GAIL Gas Limited,GAIL Gas Limited,
Jammu and Kashmir,Budgam,12.06,UT of Jammu & Kashmir and Ladakh,GAIL Gas Limited,GAIL Gas Limited,
Jammu and Kashmir,Doda,12.06,UT of Jammu & Kashmir and Ladakh,GAIL Gas Limited,GAIL Gas Limited,
Jammu and Kashmir,Ganderbal,12.06,UT of Jammu & Kashmir and Ladakh,GAIL Gas Limited,GAIL Gas Limited,
Jammu and Kashmir,Jammu,11.18,"Jammu, Udhampur, Reasi, Samba and Kathua districts",Indian Oil Corporation Limited,Indian Oil Corporation Limited,
Jammu and Kashmir,Kathua,11.18,"Jammu, Udhampur, Reasi, Samba and Kathua districts",Indian Oil Corporation Limited,Indian Oil Corporation Limited,
Jammu and Kashmir,Kishtwar,12.06,UT of Jammu & Kashmir and Ladakh,GAIL Gas Limited,GAIL Gas Limited,
Jammu and Kashmir,Kulgam,12.06,UT of Jammu & Kashmir and Ladakh,GAIL Gas Limited,GAIL Gas Limited,
Jammu and Kashmir,Kupwara,12.06,UT of Jammu & Kashmir and Ladakh,GAIL Gas Limited,GAIL Gas Limited,
Jammu and Kashmir,Pulwama,12.06,UT of Jammu & Kashmir and Ladakh,GAIL Gas Limited,GAIL Gas Limited,
Jammu and Kashmir,Punch,12.06,UT of Jammu & Kashmir and Ladakh,GAIL Gas Limited,GAIL Gas Limited,
Jammu and Kashmir,Rajouri,12.06,UT of Jammu & Kashmir and Ladakh,GAIL Gas Limited,GAIL Gas Limited,
Jammu and Kashmir,Ramban,12.06,UT of Jammu & Kashmir and Ladakh,GAIL Gas Limited,GAIL Gas Limited,
Jammu and Kashmir,Reasi,11.18,"Jammu, Udhampur, Reasi, Samba and Kathua districts",Indian Oil Corporation Limited,Indian Oil Corporation Limited,
Jammu and Kashmir,Samba,11.18,"Jammu, Udhampur, Reasi, Samba and Kathua districts",Indian Oil Corporation Limited,Indian Oil Corporation Limited,
Jammu and Kashmir,Shopiyan,12.06,UT of Jammu & Kashmir and Ladakh,GAIL Gas Limited,GAIL Gas Limited,
Jammu and Kashmir,Srinagar,12.06,UT of Jammu & Kashmir and Ladakh,GAIL Gas Limited,GAIL Gas Limited,
Jammu and Kashmir,Udhampur,11.18,"Jammu, Udhampur, Reasi, Samba and Kathua districts",Indian Oil Corporation Limited,Indian Oil Corporation Limited,
Jharkhand,Bokaro,9.22,"Bokaro, Hazaribagh & Ramgarh Districts",Indian Oil Corporation Limited,Indian Oil Corporation Limited,
Jharkhand,Chatra,10.13,Chatra and Palamu Districts,Bharat Petroleum Corporation Limited,Bharat Petroleum Corporation Limited,
Jharkhand,Deoghar,10.1,"Sheikhpura, Jamui and Deoghar Districts",Indian Oil Corporation Limited,Indian Oil Corporation Limited,
Jharkhand,Dhanbad,9.23,Giridih & Dhanbad Districts,GAIL Gas Limited,GAIL Gas Limited,
Jharkhand,Dumka,11A.02,"Banka (Bihar), Dumka, Godda, Jamtara, Pakur & Sahibganj districts",Hindustan Petroleum Corporation Limited,Hindustan Petroleum Corporation Limited,
Jharkhand,East Singhbhum,97.02,East Singhbhum District,GAIL (India) Limited,GAIL (India) Limited,
Jharkhand,Garhwa,11.19,"Gumla, Latehar, Lohardaga, Simdega, Garhwa and Khunti districts",Adani Total Gas Limited,Adani Total Gas Limited,
Jharkhand,Giridih,9.23,Giridih & Dhanbad Districts,GAIL Gas Limited,GAIL Gas Limited,
Jharkhand,Godda,11A.02,"Banka (Bihar), Dumka, Godda, Jamtara, Pakur & Sahibganj districts",Hindustan Petroleum Corporation Limited,Hindustan Petroleum Corporation Limited,
Jharkhand,Gumla,11.19,"Gumla, Latehar, Lohardaga, Simdega, Garhwa and Khunti districts",Adani Total Gas Limited,Adani Total Gas Limited,
Jharkhand,Hazaribagh,9.22,"Bokaro, Hazaribagh & Ramgarh Districts",Indian Oil Corporation Limited,Indian Oil Corporation Limited,
Jharkhand,Jamtara,11A.02,"Banka (Bihar), Dumka, Godda, Jamtara, Pakur & Sahibganj districts",Hindustan Petroleum Corporation Limited,Hindustan Petroleum Corporation Limited,
Jharkhand,Khunti,11.19,"Gumla, Latehar, Lohardaga, Simdega, Garhwa and Khunti districts",Adani Total Gas Limited,Adani Total Gas Limited,
Jharkhand,Koderma,10.09,Nawada and Koderma Districts,Indian Oil Corporation Limited,Indian Oil Corporation Limited,
Jharkhand,Latehar,11.19,"Gumla, Latehar, Lohardaga, Simdega, Garhwa and Khunti districts",Adani Total Gas Limited,Adani Total Gas Limited,
Jharkhand,Lohardaga,11.19,"Gumla, Latehar, Lohardaga, Simdega, Garhwa and Khunti districts",Adani Total Gas Limited,Adani Total Gas Limited,
Jharkhand,Pakur,11A.02,"Banka (Bihar), Dumka, Godda, Jamtara, Pakur & Sahibganj districts",Hindustan Petroleum Corporation Limited,Hindustan Petroleum Corporation Limited,
Jharkhand,Palamu,10.13,Chatra and Palamu Districts,Bharat Petroleum Corporation Limited,Bharat Petroleum Corporation Limited,
Jharkhand,Ramgarh,9.22,"Bokaro, Hazaribagh & Ramgarh Districts",Indian Oil Corporation Limited,Indian Oil Corporation Limited,
Jharkhand,Ranchi,97.03,Ranchi District,GAIL (India) Limited,GAIL (India) Limited,
Jharkhand,Sahibganj,11A.02,"Banka (Bihar), Dumka, Godda, Jamtara, Pakur & Sahibganj districts",Hindustan Petroleum Corporation Limited,Hindustan Petroleum Corporation Limited,
Jharkhand,Saraikela-Kharsawan,10.14,Seraikela-Kharsawan District,GAIL Gas Limited,GAIL Gas Limited,
Jharkhand,Simdega,11.19,"Gumla, Latehar, Lohardaga, Simdega, Garhwa and Khunti districts",Adani Total Gas Limited,Adani Total Gas Limited,
Jharkhand,West Singhbhum,10.15,West Singhbhum District,GAIL Gas Limited,GAIL Gas Limited,
Karnataka,Bagalkote,10.16,"Bagalkot, Koppal and Raichur Districts",AGP City Gas Private Limited,AGP / AG&P Pratham,
Karnataka,Ballari,9.26,Ballari & Gadag Districts,Bharat Petroleum Corporation Limited,Bharat Petroleum Corporation Limited,
Karnataka,Belagavi,5.08,Belgaum District,Megha City Gas Distribution Private Limited,Megha City Gas Distribution Private Limited,
Karnataka,Bengaluru Rural,4.01,Bengaluru Rural and Urban Districts,GAIL Gas Limited,GAIL Gas Limited,
Karnataka,Bengaluru Urban,4.01,Bengaluru Rural and Urban Districts,GAIL Gas Limited,GAIL Gas Limited,
Karnataka,Bidar,9.27,Bidar District,Bharat Petroleum Corporation Limited,Bharat Petroleum Corporation Limited,
Karnataka,Chamarajanagara,10.19,"Mysuru, Mandya and Chamarajanagar Districts",AGP City Gas Private Limited,AGP / AG&P Pratham,
Karnataka,Chikkaballapura,11.2,Chikkaballapur district,Megha City Gas Distribution Private Limited,Megha City Gas Distribution Private Limited,
Karnataka,Chikkamagaluru,10.17,"Chikkamagaluru, Hassan and Kodagu Districts",AGP City Gas Private Limited,AGP / AG&P Pratham,
Karnataka,Chitradurga,9.24,Chitradurga & Davanagere Districts,Unison Enviro Private Limited,Unison Enviro Private Limited,
Karnataka,Dakshina Kannada,9.28,Dakshina Kannada District,GAIL Gas Limited,GAIL Gas Limited,
Karnataka,Davanagere,9.24,Chitradurga & Davanagere Districts,Unison Enviro Private Limited,Unison Enviro Private Limited,
Karnataka,Dharwad,5.07,Dharwad District,Indian Oil-Adani Gas Private Limited,Indian Oil-Adani Gas Private Limited,
Karnataka,Gadag,9.26,Ballari & Gadag Districts,Bharat Petroleum Corporation Limited,Bharat Petroleum Corporation Limited,
Karnataka,Hassan,10.17,"Chikkamagaluru, Hassan and Kodagu Districts",AGP City Gas Private Limited,AGP / AG&P Pratham,
Karnataka,Haveri,10.2,"Uttara Kannada, Haveri and Shivamogga Districts",AGP City Gas Private Limited,AGP / AG&P Pratham,
Karnataka,Kalaburagi,10.18,Kalaburagi and Vijayapura Districts,AGP City Gas Private Limited,AGP / AG&P Pratham,
Karnataka,Kodagu,10.17,"Chikkamagaluru, Hassan and Kodagu Districts",AGP City Gas Private Limited,AGP / AG&P Pratham,
Karnataka,Kolar,10.03,"Chittoor, Kolar and Vellore Districts",AGP City Gas Private Limited,AGP / AG&P Pratham,
Karnataka,Koppal,10.16,"Bagalkot, Koppal and Raichur Districts",AGP City Gas Private Limited,AGP / AG&P Pratham,
Karnataka,Mandya,10.19,"Mysuru, Mandya and Chamarajanagar Districts",AGP City Gas Private Limited,AGP / AG&P Pratham,
Karnataka,Mysuru,10.19,"Mysuru, Mandya and Chamarajanagar Districts",AGP City Gas Private Limited,AGP / AG&P Pratham,
Karnataka,Raichur,10.16,"Bagalkot, Koppal and Raichur Districts",AGP City Gas Private Limited,AGP / AG&P Pratham,
Karnataka,Ramanagara,9.29,Ramanagara District,Maharashtra Natural Gas Limited,Maharashtra Natural Gas Limited,
Karnataka,Shivamogga,10.2,"Uttara Kannada, Haveri and Shivamogga Districts",AGP City Gas Private Limited,AGP / AG&P Pratham,
Karnataka,Tumakuru,5.05,Tumkur District,Megha City Gas Distribution Private Limited,Megha City Gas Distribution Private Limited,
Karnataka,Udupi,9.25,Udupi District,Adani Total Gas Limited,Adani Total Gas Limited,
Karnataka,Uttara Kannada,10.2,"Uttara Kannada, Haveri and Shivamogga Districts",AGP City Gas Private Limited,AGP / AG&P Pratham,
Karnataka,Vijayapura,10.18,Kalaburagi and Vijayapura Districts,AGP City Gas Private Limited,AGP / AG&P Pratham,
Karnataka,Yadgir,11.55,"Jogulamba Gadwal, Nagarkurnool, Mahabubnagar, Narayanpet, Wanaparthy and Yadgir districts",Megha City Gas Distribution Private Limited,Megha City Gas Distribution Private Limited,
Kerala,Alappuzha,10.21,"Alapuzzha, Kollam and Thiruvananthapuram Districts",AGP City Gas Private Limited,AGP / AG&P Pratham,
Kerala,Ernakulam,4.09,Ernakulam District,Indian Oil-Adani Gas Private Limited,Indian Oil-Adani Gas Private Limited,
Kerala,Idukki,11.21,"Idukki, Kottayam and Pattanamtitta districts",Sholagasco Private Limited,Sholagasco Private Limited,
Kerala,Kannur,9.32,"Kannur, Kasaragod & Mahe Districts",Indian Oil-Adani Gas Private Limited,Indian Oil-Adani Gas Private Limited,
Kerala,Kasaragod,9.32,"Kannur, Kasaragod & Mahe Districts",Indian Oil-Adani Gas Private Limited,Indian Oil-Adani Gas Private Limited,
Kerala,Kollam,10.21,"Alapuzzha, Kollam and Thiruvananthapuram Districts",AGP City Gas Private Limited,AGP / AG&P Pratham,
Kerala,Kottayam,11.21,"Idukki, Kottayam and Pattanamtitta districts",Sholagasco Private Limited,Sholagasco Private Limited,
Kerala,Kozhikode,9.30,Kozhikode & Wayanad Districts,Indian Oil-Adani Gas Private Limited,Indian Oil-Adani Gas Private Limited,
Kerala,Malappuram,9.31,Malappuram District,Indian Oil-Adani Gas Private Limited,Indian Oil-Adani Gas Private Limited,
Kerala,Palakkad,9.33,Palakkad & Thrissur Districts,Indian Oil-Adani Gas Private Limited,Indian Oil-Adani Gas Private Limited,
Kerala,Pathanamthitta,11.21,"Idukki, Kottayam and Pattanamtitta districts",Sholagasco Private Limited,Sholagasco Private Limited,
Kerala,Thiruvananthapuram,10.21,"Alapuzzha, Kollam and Thiruvananthapuram Districts",AGP City Gas Private Limited,AGP / AG&P Pratham,
Kerala,Thrissur,9.33,Palakkad & Thrissur Districts,Indian Oil-Adani Gas Private Limited,Indian Oil-Adani Gas Private Limited,
Kerala,Wayanad,9.30,Kozhikode & Wayanad Districts,Indian Oil-Adani Gas Private Limited,Indian Oil-Adani Gas Private Limited,
Ladakh,Kargil,12.06,UT of Jammu & Kashmir and Ladakh,GAIL Gas Limited,GAIL Gas Limited,
Ladakh,Leh,12.06,UT of Jammu & Kashmir and Ladakh,GAIL Gas Limited,GAIL Gas Limited,
Madhya Pradesh,Agar Malwa,11.22,"Agar Malwa, Neemuch, Mandsaur and Jhalawar districts",Megha City Gas Distribution Private Limited,Megha City Gas Distribution Private Limited,
Madhya Pradesh,Alirajpur,11.35,"Alirajpur, Nandurbar and Barwani districts",Adani Total Gas Limited,Adani Total Gas Limited,
Madhya Pradesh,Anuppur,10.29,"Anuppur, Bilaspur and Korba Districts",Adani Total Gas Limited,Adani Total Gas Limited,
Madhya Pradesh,Ashoknagar,10.22,Ashoknagar District,Indian Oil Corporation Limited,Indian Oil Corporation Limited,
Madhya Pradesh,Balaghat,11.25,"Betul, Chhindwara, Seoni and Balaghat districts",Megha City Gas Distribution Private Limited,Megha City Gas Distribution Private Limited,
Madhya Pradesh,Barwani,11.35,"Alirajpur, Nandurbar and Barwani districts",Adani Total Gas Limited,Adani Total Gas Limited,
Madhya Pradesh,Betul,11.25,"Betul, Chhindwara, Seoni and Balaghat districts",Megha City Gas Distribution Private Limited,Megha City Gas Distribution Private Limited,
Madhya Pradesh,Bhind,10.31,"Jhansi (EAAA) District, Bhind, Jalaun, Lalitpur and Datia Districts",Adani Total Gas Limited,Adani Total Gas Limited,
Madhya Pradesh,Bhopal,9.34,Bhopal & Rajgarh Districts,Think Gas Bhopal Private Limited,Think Gas,
Madhya Pradesh,Burhanpur,11.23,"Burhanpur, Khandwa, Khargone and Harda districts",Adani Total Gas Limited,Adani Total Gas Limited,
Madhya Pradesh,Chhatarpur,11.24,"Tikamgarh, Niwari, Chattarpur and Panna districts",Adani Total Gas Limited,Adani Total Gas Limited,
Madhya Pradesh,Chhindwara,11.25,"Betul, Chhindwara, Seoni and Balaghat districts",Megha City Gas Distribution Private Limited,Megha City Gas Distribution Private Limited,
Madhya Pradesh,Damoh,11.26,"Damoh, Jabalpur, Katni, Mandla, Umaria and Dindori districts",Megha City Gas Distribution Private Limited,Megha City Gas Distribution Private Limited,
Madhya Pradesh,Datia,10.31,"Jhansi (EAAA) District, Bhind, Jalaun, Lalitpur and Datia Districts",Adani Total Gas Limited,Adani Total Gas Limited,
Madhya Pradesh,Dewas,1.01,Dewas,GAIL Gas Limited,GAIL Gas Limited,
Madhya Pradesh,Dewas,10.28,"Ujjain (EAAA) District, Dewas (EAAA) District and Indore (EAAA) District",Gujarat Gas Limited,Gujarat Gas Limited,EAAA
Madhya Pradesh,Dhar,6.16,Dhar District,Naveriya Gas Private Limited,Naveriya Gas Private Limited,
Madhya Pradesh,Dindori,11.26,"Damoh, Jabalpur, Katni, Mandla, Umaria and Dindori districts",Megha City Gas Distribution Private Limited,Megha City Gas Distribution Private Limited,
Madhya Pradesh,Guna,9.35,Guna District,Indian Oil Corporation Limited,Indian Oil Corporation Limited,
Madhya Pradesh,Gwalior,10.23,Gwalior (EAAA) District and Sheopur District,Rajasthan State Gas Limited,Rajasthan State Gas Limited,EAAA
Madhya Pradesh,Gwalior,99.12,Gwalior,Aavantika Gas Limited,Aavantika Gas Limited,
Madhya Pradesh,Harda,11.23,"Burhanpur, Khandwa, Khargone and Harda districts",Adani Total Gas Limited,Adani Total Gas Limited,
Madhya Pradesh,Hoshangabad,11.27,"Hoshangabad, Narsinghpur, Sagar and Vidisha districts",Megha City Gas Distribution Private Limited,Megha City Gas Distribution Private Limited,
Madhya Pradesh,Indore,10.28,"Ujjain (EAAA) District, Dewas (EAAA) District and Indore (EAAA) District",Gujarat Gas Limited,Gujarat Gas Limited,EAAA
Madhya Pradesh,Indore,99.08,Indore (including Ujjain City),Aavantika Gas Limited,Aavantika Gas Limited,including Ujjain City
Madhya Pradesh,Jabalpur,11.26,"Damoh, Jabalpur, Katni, Mandla, Umaria and Dindori districts",Megha City Gas Distribution Private Limited,Megha City Gas Distribution Private Limited,
Madhya Pradesh,Jhabua,10.30,"Jhabua, Banswara, Ratlam and Dungarpur Districts",Gujarat Gas Limited,Gujarat Gas Limited,
Madhya Pradesh,Katni,11.26,"Damoh, Jabalpur, Katni, Mandla, Umaria and Dindori districts",Megha City Gas Distribution Private Limited,Megha City Gas Distribution Private Limited,
Madhya Pradesh,Khandwa,11.23,"Burhanpur, Khandwa, Khargone and Harda districts",Adani Total Gas Limited,Adani Total Gas Limited,
Madhya Pradesh,Khargone,11.23,"Burhanpur, Khandwa, Khargone and Harda districts",Adani Total Gas Limited,Adani Total Gas Limited,
Madhya Pradesh,Mandla,11.26,"Damoh, Jabalpur, Katni, Mandla, Umaria and Dindori districts",Megha City Gas Distribution Private Limited,Megha City Gas Distribution Private Limited,
Madhya Pradesh,Mandsaur,11.22,"Agar Malwa, Neemuch, Mandsaur and Jhalawar districts",Megha City Gas Distribution Private Limited,Megha City Gas Distribution Private Limited,
Madhya Pradesh,Morena,10.24,Morena District,Indian Oil Corporation Limited,Indian Oil Corporation Limited,
Madhya Pradesh,Narsinghpur,11.27,"Hoshangabad, Narsinghpur, Sagar and Vidisha districts",Megha City Gas Distribution Private Limited,Megha City Gas Distribution Private Limited,
Madhya Pradesh,Neemuch,11.22,"Agar Malwa, Neemuch, Mandsaur and Jhalawar districts",Megha City Gas Distribution Private Limited,Megha City Gas Distribution Private Limited,
Madhya Pradesh,Niwari,11.24,"Tikamgarh, Niwari, Chattarpur and Panna districts",Adani Total Gas Limited,Adani Total Gas Limited,
Madhya Pradesh,Panna,11.24,"Tikamgarh, Niwari, Chattarpur and Panna districts",Adani Total Gas Limited,Adani Total Gas Limited,
Madhya Pradesh,Raisen,10.25,"Raisen, Shajapur and Sehore Districts",GAIL Gas Limited,GAIL Gas Limited,
Madhya Pradesh,Rajgarh,9.34,Bhopal & Rajgarh Districts,Think Gas Bhopal Private Limited,Think Gas,
Madhya Pradesh,Ratlam,10.30,"Jhabua, Banswara, Ratlam and Dungarpur Districts",Gujarat Gas Limited,Gujarat Gas Limited,
Madhya Pradesh,Rewa,9.36,Rewa District,Indian Oil Corporation Limited,Indian Oil Corporation Limited,
Madhya Pradesh,Sagar,11.27,"Hoshangabad, Narsinghpur, Sagar and Vidisha districts",Megha City Gas Distribution Private Limited,Megha City Gas Distribution Private Limited,
Madhya Pradesh,Satna,9.37,Satna & Shandol Districts,Bharat Petroleum Corporation Limited,Bharat Petroleum Corporation Limited,
Madhya Pradesh,Sehore,10.25,"Raisen, Shajapur and Sehore Districts",GAIL Gas Limited,GAIL Gas Limited,
Madhya Pradesh,Seoni,11.25,"Betul, Chhindwara, Seoni and Balaghat districts",Megha City Gas Distribution Private Limited,Megha City Gas Distribution Private Limited,
Madhya Pradesh,Shahdol,9.37,Satna & Shandol Districts,Bharat Petroleum Corporation Limited,Bharat Petroleum Corporation Limited,
Madhya Pradesh,Shajapur,10.25,"Raisen, Shajapur and Sehore Districts",GAIL Gas Limited,GAIL Gas Limited,
Madhya Pradesh,Sheopur,10.23,Gwalior (EAAA) District and Sheopur District,Rajasthan State Gas Limited,Rajasthan State Gas Limited,
Madhya Pradesh,Shivpuri,10.26,Shivpuri District,Think Gas Bhopal Private Limited,Think Gas,
Madhya Pradesh,Sidhi,10.27,Sidhi and Singrauli Districts,Bharat Petroleum Corporation Limited,Bharat Petroleum Corporation Limited,
Madhya Pradesh,Singrauli,10.27,Sidhi and Singrauli Districts,Bharat Petroleum Corporation Limited,Bharat Petroleum Corporation Limited,
Madhya Pradesh,Tikamgarh,11.24,"Tikamgarh, Niwari, Chattarpur and Panna districts",Adani Total Gas Limited,Adani Total Gas Limited,
Madhya Pradesh,Ujjain,10.28,"Ujjain (EAAA) District, Dewas (EAAA) District and Indore (EAAA) District",Gujarat Gas Limited,Gujarat Gas Limited,EAAA
Madhya Pradesh,Umaria,11.26,"Damoh, Jabalpur, Katni, Mandla, Umaria and Dindori districts",Megha City Gas Distribution Private Limited,Megha City Gas Distribution Private Limited,
Madhya Pradesh,Vidisha,11.27,"Hoshangabad, Narsinghpur, Sagar and Vidisha districts",Megha City Gas Distribution Private Limited,Megha City Gas Distribution Private Limited,
Maharashtra,Ahmednagar,9.38,Ahmednagar & Aurangabad Districts,Bharat Petroleum Corporation Limited,Bharat Petroleum Corporation Limited,
Maharashtra,Akola,11.30,"Akola, Hingoli and Washim districts",Adani Total Gas Limited,Adani Total Gas Limited,
Maharashtra,Amravati,11.31,Amravati and Yavatmal districts,Adani Total Gas Limited,Adani Total Gas Limited,
Maharashtra,Aurangabad,9.38,Ahmednagar & Aurangabad Districts,Bharat Petroleum Corporation Limited,Bharat Petroleum Corporation Limited,
Maharashtra,Beed,11.29,"Beed, Jalgaon and Jalna districts",Indian Oil Corporation Limited,Indian Oil Corporation Limited,
Maharashtra,Bhandara,11.34,"Bhandara, Gondiya and Garchiroli districts",Adani Total Gas Limited,Adani Total Gas Limited,
Maharashtra,Buldhana,11.28,"Buldana, Nanded and Parbhani districts",Maharashtra Natural Gas Limited,Maharashtra Natural Gas Limited,
Maharashtra,Chandrapur,11.32,Chandrapur and Wardha districts,Megha City Gas Distribution Private Limited,Megha City Gas Distribution Private Limited,
Maharashtra,Dhule,9.39,"Valsad (EAAA), Dhule & Nashik Districts",Maharashtra Natural Gas Limited,Maharashtra Natural Gas Limited,
Maharashtra,Gadchiroli,11.34,"Bhandara, Gondiya and Garchiroli districts",Adani Total Gas Limited,Adani Total Gas Limited,
Maharashtra,Gondia,11.34,"Bhandara, Gondiya and Garchiroli districts",Adani Total Gas Limited,Adani Total Gas Limited,
Maharashtra,Hingoli,11.30,"Akola, Hingoli and Washim districts",Adani Total Gas Limited,Adani Total Gas Limited,
Maharashtra,Jalgaon,11.29,"Beed, Jalgaon and Jalna districts",Indian Oil Corporation Limited,Indian Oil Corporation Limited,
Maharashtra,Jalna,11.29,"Beed, Jalgaon and Jalna districts",Indian Oil Corporation Limited,Indian Oil Corporation Limited,
Maharashtra,Kolhapur,8.04,Kolhapur District,HPOIL Gas Private Limited,HPOIL Gas Private Limited,
Maharashtra,Latur,9.40,Latur & Osmanabad Districts,Unison Enviro Private Limited,Unison Enviro Private Limited,
Maharashtra,Mumbai,99.02,Mumbai & Greater Mumbai,Mahanagar Gas Limited,Mahanagar Gas Limited,
Maharashtra,Nagpur,11.33,Nagpur district,HCG Nagpur Private Limited,Haryana City Gas group,
Maharashtra,Nanded,11.28,"Buldana, Nanded and Parbhani districts",Maharashtra Natural Gas Limited,Maharashtra Natural Gas Limited,
Maharashtra,Nandurbar,6.14,Ratnagiri District,Unison Enviro Private Limited,Unison Enviro Private Limited,
Maharashtra,Nandurbar,11.35,"Alirajpur, Nandurbar and Barwani districts",Adani Total Gas Limited,Adani Total Gas Limited,
Maharashtra,Nashik,9.39,"Valsad (EAAA), Dhule & Nashik Districts",Maharashtra Natural Gas Limited,Maharashtra Natural Gas Limited,
Maharashtra,Osmanabad,9.40,Latur & Osmanabad Districts,Unison Enviro Private Limited,Unison Enviro Private Limited,
Maharashtra,Palghar,4.03,Palghar District & Thane Rural,Gujarat Gas Limited,Gujarat Gas Limited,
Maharashtra,Parbhani,11.28,"Buldana, Nanded and Parbhani districts",Maharashtra Natural Gas Limited,Maharashtra Natural Gas Limited,
Maharashtra,Pune,4.08,Pune District (EAAA),Torrent Gas Private Limited,Torrent Gas,EAAA
Maharashtra,Pune,99.05,"Pune City including Pimpri - Chichwad & adjoining contigeneous areas Hinjewadi, Chakan, Talegaon",Maharashtra Natural Gas Limited,Maharashtra Natural Gas Limited,
Maharashtra,Raigad,4.04,Raigarh District (EAAA),Mahanagar Gas Limited,Mahanagar Gas Limited,EAAA
Maharashtra,Sangli,9.41,Sangli & Satara Districts,Bharat Petroleum Corporation Limited,Bharat Petroleum Corporation Limited,
Maharashtra,Satara,9.41,Sangli & Satara Districts,Bharat Petroleum Corporation Limited,Bharat Petroleum Corporation Limited,
Maharashtra,Sindhudurg,9.42,Sindhudurg District,Maharashtra Natural Gas Limited,Maharashtra Natural Gas Limited,
Maharashtra,Solapur,7.01,Solapur District,IMC Limited,IMC Limited,
Maharashtra,Thane,4.03,Palghar District & Thane Rural,Gujarat Gas Limited,Gujarat Gas Limited,
Maharashtra,Thane,99.07,Thane urban and adjoining Municipalities,Mahanagar Gas Limited,Mahanagar Gas Limited,
Maharashtra,Wardha,11.32,Chandrapur and Wardha districts,Megha City Gas Distribution Private Limited,Megha City Gas Distribution Private Limited,
Maharashtra,Washim,11.30,"Akola, Hingoli and Washim districts",Adani Total Gas Limited,Adani Total Gas Limited,
Maharashtra,Yavatmal,11.31,Amravati and Yavatmal districts,Adani Total Gas Limited,Adani Total Gas Limited,
Manipur,Bishnupur,12.03,Manipur State,GAIL Gas Limited,GAIL Gas Limited,
Manipur,Chandel,12.03,Manipur State,GAIL Gas Limited,GAIL Gas Limited,
Manipur,Churachandpur,12.03,Manipur State,GAIL Gas Limited,GAIL Gas Limited,
Manipur,Imphal East,12.03,Manipur State,GAIL Gas Limited,GAIL Gas Limited,
Manipur,Imphal West,12.03,Manipur State,GAIL Gas Limited,GAIL Gas Limited,
Manipur,Jiribam,12.03,Manipur State,GAIL Gas Limited,GAIL Gas Limited,
Manipur,Kakching,12.03,Manipur State,GAIL Gas Limited,GAIL Gas Limited,
Manipur,Kamjong,12.03,Manipur State,GAIL Gas Limited,GAIL Gas Limited,
Manipur,Kangpokpi,12.03,Manipur State,GAIL Gas Limited,GAIL Gas Limited,
Manipur,Noney,12.03,Manipur State,GAIL Gas Limited,GAIL Gas Limited,
Manipur,Pherzawl,12.03,Manipur State,GAIL Gas Limited,GAIL Gas Limited,
Manipur,Senapati,12.03,Manipur State,GAIL Gas Limited,GAIL Gas Limited,
Manipur,Tamenglong,12.03,Manipur State,GAIL Gas Limited,GAIL Gas Limited,
Manipur,Tengnoupal,12.03,Manipur State,GAIL Gas Limited,GAIL Gas Limited,
Manipur,Thoubal,12.03,Manipur State,GAIL Gas Limited,GAIL Gas Limited,
Manipur,Ukhrul,12.03,Manipur State,GAIL Gas Limited,GAIL Gas Limited,
Meghalaya,East Garo Hills,12.02,Meghalaya State,GAIL Gas Limited,GAIL Gas Limited,
Meghalaya,East Jaintia Hills,12.02,Meghalaya State,GAIL Gas Limited,GAIL Gas Limited,
Meghalaya,East Khasi Hills,12.02,Meghalaya State,GAIL Gas Limited,GAIL Gas Limited,
Meghalaya,North Garo Hills,12.02,Meghalaya State,GAIL Gas Limited,GAIL Gas Limited,
Meghalaya,Ribhoi,12.02,Meghalaya State,GAIL Gas Limited,GAIL Gas Limited,
Meghalaya,South Garo Hills,12.02,Meghalaya State,GAIL Gas Limited,GAIL Gas Limited,
Meghalaya,South West Garo Hills,12.02,Meghalaya State,GAIL Gas Limited,GAIL Gas Limited,
Meghalaya,South West Khasi Hills,12.02,Meghalaya State,GAIL Gas Limited,GAIL Gas Limited,
Meghalaya,West Garo Hills,12.02,Meghalaya State,GAIL Gas Limited,GAIL Gas Limited,
Meghalaya,West Jaintia Hills,12.02,Meghalaya State,GAIL Gas Limited,GAIL Gas Limited,
Meghalaya,West Khasi Hills,12.02,Meghalaya State,GAIL Gas Limited,GAIL Gas Limited,
Mizoram,Aizawl,12A,Mizoram State,GAIL Gas Limited,GAIL Gas Limited,
Mizoram,Hnahthial,12A,Mizoram State,GAIL Gas Limited,GAIL Gas Limited,
Mizoram,Lunglei,12A,Mizoram State,GAIL Gas Limited,GAIL Gas Limited,
Mizoram,Serchhip,12A,Mizoram State,GAIL Gas Limited,GAIL Gas Limited,
Nagaland,Dimapur,12.04,Nagaland State,GAIL Gas Limited,GAIL Gas Limited,
Nagaland,Kiphire,12.04,Nagaland State,GAIL Gas Limited,GAIL Gas Limited,
Nagaland,Kohima,12.04,Nagaland State,GAIL Gas Limited,GAIL Gas Limited,
Nagaland,Longleng,12.04,Nagaland State,GAIL Gas Limited,GAIL Gas Limited,
Nagaland,Mokokchung,12.04,Nagaland State,GAIL Gas Limited,GAIL Gas Limited,
Nagaland,Mon,12.04,Nagaland State,GAIL Gas Limited,GAIL Gas Limited,
Nagaland,Peren,12.04,Nagaland State,GAIL Gas Limited,GAIL Gas Limited,
Nagaland,Phek,12.04,Nagaland State,GAIL Gas Limited,GAIL Gas Limited,
Nagaland,Tuensang,12.04,Nagaland State,GAIL Gas Limited,GAIL Gas Limited,
Nagaland,Wokha,12.04,Nagaland State,GAIL Gas Limited,GAIL Gas Limited,
Nagaland,Zunheboto,12.04,Nagaland State,GAIL Gas Limited,GAIL Gas Limited,
Odisha,Angul,9.43,Angul & Dhekanal Districts,Bharat Petroleum Corporation Limited,Bharat Petroleum Corporation Limited,
Odisha,Balangir,11.38,"Rayagada, Kalahandi, Bolangir and Nuapada districts",Megha City Gas Distribution Private Limited,Megha City Gas Distribution Private Limited,
Odisha,Balasore,9.45,"Balasore, Bhadrak & Mayurbhanj Districts",Adani Total Gas Limited,Adani Total Gas Limited,
Odisha,Bargarh,9.46,"Bargarh, Debagarh & Sambalpur Districts",Bharat Petroleum Corporation Limited,Bharat Petroleum Corporation Limited,
Odisha,Bhadrak,9.45,"Balasore, Bhadrak & Mayurbhanj Districts",Adani Total Gas Limited,Adani Total Gas Limited,
Odisha,Boudh,11.37,"Gajapati, Kandhamal, Boudh and Sonepur districts",GAIL Gas Limited,GAIL Gas Limited,
Odisha,Cuttack,97.05,Cuttack District,GAIL (India) Limited,GAIL (India) Limited,
Odisha,Deogarh,9.46,"Bargarh, Debagarh & Sambalpur Districts",Bharat Petroleum Corporation Limited,Bharat Petroleum Corporation Limited,
Odisha,Dhenkanal,9.43,Angul & Dhekanal Districts,Bharat Petroleum Corporation Limited,Bharat Petroleum Corporation Limited,
Odisha,Gajapati,11.37,"Gajapati, Kandhamal, Boudh and Sonepur districts",GAIL Gas Limited,GAIL Gas Limited,
Odisha,Ganjam,9.47,"Ganjam, Nayagarh & Puri Districts",GAIL Gas Limited,GAIL Gas Limited,
Odisha,Jagatsinghpur,9.48,Jagatsinghpur & Kendrapara Districts,Bharat Petroleum Corporation Limited,Bharat Petroleum Corporation Limited,
Odisha,Jajpur,9.49,Jajpur & Kendujhar Districts,Bharat Petroleum Corporation Limited,Bharat Petroleum Corporation Limited,
Odisha,Jharsuguda,9.44,Sundargarh & Jharsuguda Districts,GAIL Gas Limited,GAIL Gas Limited,
Odisha,Kalahandi,11.38,"Rayagada, Kalahandi, Bolangir and Nuapada districts",Megha City Gas Distribution Private Limited,Megha City Gas Distribution Private Limited,
Odisha,Kandhamal,11.37,"Gajapati, Kandhamal, Boudh and Sonepur districts",GAIL Gas Limited,GAIL Gas Limited,
Odisha,Kendrapara,9.48,Jagatsinghpur & Kendrapara Districts,Bharat Petroleum Corporation Limited,Bharat Petroleum Corporation Limited,
Odisha,Kendujhar,9.49,Jajpur & Kendujhar Districts,Bharat Petroleum Corporation Limited,Bharat Petroleum Corporation Limited,
Odisha,Khordha,97.04,Khordha District,GAIL (India) Limited,GAIL (India) Limited,
Odisha,Koraput,11.36,"Koraput, Malkangiri, and Nabarangpur districts",Adani Total Gas Limited,Adani Total Gas Limited,
Odisha,Malkangiri,11.36,"Koraput, Malkangiri, and Nabarangpur districts",Adani Total Gas Limited,Adani Total Gas Limited,
Odisha,Mayurbhanj,9.45,"Balasore, Bhadrak & Mayurbhanj Districts",Adani Total Gas Limited,Adani Total Gas Limited,
Odisha,Nabarangapur,11.36,"Koraput, Malkangiri, and Nabarangpur districts",Adani Total Gas Limited,Adani Total Gas Limited,
Odisha,Nayagarh,9.47,"Ganjam, Nayagarh & Puri Districts",GAIL Gas Limited,GAIL Gas Limited,
Odisha,Nuapada,11.38,"Rayagada, Kalahandi, Bolangir and Nuapada districts",Megha City Gas Distribution Private Limited,Megha City Gas Distribution Private Limited,
Odisha,Puri,9.47,"Ganjam, Nayagarh & Puri Districts",GAIL Gas Limited,GAIL Gas Limited,
Odisha,Rayagada,11.38,"Rayagada, Kalahandi, Bolangir and Nuapada districts",Megha City Gas Distribution Private Limited,Megha City Gas Distribution Private Limited,
Odisha,Sambalpur,9.46,"Bargarh, Debagarh & Sambalpur Districts",Bharat Petroleum Corporation Limited,Bharat Petroleum Corporation Limited,
Odisha,Subarnapur,11.37,"Gajapati, Kandhamal, Boudh and Sonepur districts",GAIL Gas Limited,GAIL Gas Limited,
Odisha,Sundargarh,9.44,Sundargarh & Jharsuguda Districts,GAIL Gas Limited,GAIL Gas Limited,
Puducherry,Karaikal,9.50,Karaikal & Nagapattinam Districts,Torrent Gas Private Limited,Torrent Gas,district named in GA title (PDF column under-filled)
Puducherry,Mahe,9.32,"Kannur, Kasaragod & Mahe Districts",Indian Oil-Adani Gas Private Limited,Indian Oil-Adani Gas Private Limited,
Puducherry,Puducherry,9.51,Puducherry District,East Coast Natural Gas Private Limited,East Coast Natural Gas Private Limited,
Puducherry,Yanam,11A.06,Yanam,HCG Yanam Private Limited,Haryana City Gas group,
Punjab,Amritsar,4.07,Amritsar District,Gujarat Gas Limited,Gujarat Gas Limited,
Punjab,Barnala,9.53,"Ludhiana District (Except area already authorized), Barnala & Moga Districts",Think Gas Ludhiana Private Limited,Think Gas,district named in GA title (PDF column under-filled)
Punjab,Bathinda,6.01,Bhatinda District,Gujarat Gas Limited,Gujarat Gas Limited,
Punjab,Faridkot,10.32,"Ferozepur, Faridkot and Sri Muktsar Sahib Districts",Gujarat Gas Limited,Gujarat Gas Limited,
Punjab,Fatehgarh Sahib,6.12,Fatehgarh Sahib District,IRM Energy Limited,IRM Energy Limited,
Punjab,Fazilka,10.32,"Ferozepur, Faridkot and Sri Muktsar Sahib Districts",Gujarat Gas Limited,Gujarat Gas Limited,
Punjab,Fazilka,11.41,"Fazilka (except area already authorized), Ganganagar and Hanumangarh districts",Bharat Petroleum Corporation Limited,Bharat Petroleum Corporation Limited,except area already authorized
Punjab,Ferozepur,10.32,"Ferozepur, Faridkot and Sri Muktsar Sahib Districts",Gujarat Gas Limited,Gujarat Gas Limited,
Punjab,Gurdaspur,10.33,Hoshiarpur and Gurdaspur Districts,Gujarat Gas Limited,Gujarat Gas Limited,
Punjab,Hoshiarpur,10.33,Hoshiarpur and Gurdaspur Districts,Gujarat Gas Limited,Gujarat Gas Limited,
Punjab,Jalandhar,3.01,Jalandhar,Adani Total Gas Limited,Adani Total Gas Limited,
Punjab,Jalandhar,9.54,"Jalandhar District (EAAA), Kapurthala & SBS Nagar Districts",Think Gas Ludhiana Private Limited,Think Gas,
Punjab,Kapurthala,9.54,"Jalandhar District (EAAA), Kapurthala & SBS Nagar Districts",Think Gas Ludhiana Private Limited,Think Gas,district named in GA title (PDF column under-filled)
Punjab,Ludhiana,3.06,Ludhiana,Jay Madhok Energy Private Limited led Consortium,Jay Madhok Energy Private Limited led Consortium,
Punjab,Ludhiana,9.53,"Ludhiana District (Except area already authorized), Barnala & Moga Districts",Think Gas Ludhiana Private Limited,Think Gas,
Punjab,Mansa,10.12,"Sirsa, Fatehabad and Mansa (Punjab) Districts",Gujarat Gas Limited,Gujarat Gas Limited,
Punjab,Moga,9.53,"Ludhiana District (Except area already authorized), Barnala & Moga Districts",Think Gas Ludhiana Private Limited,Think Gas,district named in GA title (PDF column under-filled)
Punjab,Pathankot,11.39,Pathankot district,Indian Oil Corporation Limited,Indian Oil Corporation Limited,
Punjab,Patiala,9.52,"SAS Nagar District (EAAA), Patiala & Sangrur Districts",Torrent Gas Private Limited,Torrent Gas,district named in GA title (PDF column under-filled)
Punjab,Rupnagar,6.06,Rupnagar District,Bharat Petroleum Corporation Limited,Bharat Petroleum Corporation Limited,
Punjab,S.A.S. Nagar,2.01,Chandigarh,Indian Oil-Adani Gas Private Limited,Indian Oil-Adani Gas Private Limited,
Punjab,S.A.S. Nagar,9.52,"SAS Nagar District (EAAA), Patiala & Sangrur Districts",Torrent Gas Private Limited,Torrent Gas,
Punjab,Sangrur,9.52,"SAS Nagar District (EAAA), Patiala & Sangrur Districts",Torrent Gas Private Limited,Torrent Gas,district named in GA title (PDF column under-filled)
Punjab,Shahid Bhagat Singh Nagar,9.54,"Jalandhar District (EAAA), Kapurthala & SBS Nagar Districts",Think Gas Ludhiana Private Limited,Think Gas,district named in GA title (PDF column under-filled)
Punjab,Sri Muktsar Sahib,10.32,"Ferozepur, Faridkot and Sri Muktsar Sahib Districts",Gujarat Gas Limited,Gujarat Gas Limited,
Punjab,Tarn Taran,11.40,Tarn Taran district,Megha City Gas Distribution Private Limited,Megha City Gas Distribution Private Limited,
Rajasthan,Ajmer,10.34,"Ajmer, Pali and Rajsamand Districts",Indraprastha Gas Limited,Indraprastha Gas Limited,
Rajasthan,Alwar,9.56,Alwar (Other than Bhiwadi) & Jaipur Districts,Torrent Gas Jaipur Private Limited,Torrent Gas,Other than Bhiwadi
Rajasthan,Alwar,98.12,Bhiwadi (in Alwar District),Haryana City Gas Distribution (Bhiwadi) Limited,Haryana City Gas group,in Alwar
Rajasthan,Banswara,10.30,"Jhabua, Banswara, Ratlam and Dungarpur Districts",Gujarat Gas Limited,Gujarat Gas Limited,
Rajasthan,Baran,9.57,"Kota District (EAAA), Baran & Chittorgarh (Only Rawatbhata Taluka) Districts",Torrent Gas Private Limited,Torrent Gas,
Rajasthan,Barmer,9.55,"Barmer, Jaisalmer & Jodhpur Districts",AGP CGD India Private Limited,AGP / AG&P Pratham,
Rajasthan,Bharatpur,99.13,Firozabad (Taj Trapezium Zone),GAIL Gas Limited,GAIL Gas Limited,
Rajasthan,Bhilwara,9.58,Bhilwara & Bundi Districts,Adani Total Gas Limited,Adani Total Gas Limited,
Rajasthan,Bikaner,11.42,Bikaner and Churu districts,Gasonet Services (RJ) Limited,Gasonet Services,
Rajasthan,Bundi,9.58,Bhilwara & Bundi Districts,Adani Total Gas Limited,Adani Total Gas Limited,
Rajasthan,Chittorgarh,9.57,"Kota District (EAAA), Baran & Chittorgarh (Only Rawatbhata Taluka) Districts",Torrent Gas Private Limited,Torrent Gas,Only Rawatbhata Taluka
Rajasthan,Chittorgarh,9.59,Chittorgarh (Other than Rawatbhata Taluka) & Udaipur Districts,Adani Total Gas Limited,Adani Total Gas Limited,Other than Rawatbhata Taluka
Rajasthan,Churu,11.42,Bikaner and Churu districts,Gasonet Services (RJ) Limited,Gasonet Services,
Rajasthan,Dausa,11.44,"Dausa, Karauli, Sawai Madhopur and Tonk districts",Hindustan Petroleum Corporation Limited,Hindustan Petroleum Corporation Limited,
Rajasthan,Dholpur,9.60,Dholpur District,Dholpur CGD Private Limited,Dholpur CGD Private Limited,
Rajasthan,Dungarpur,10.30,"Jhabua, Banswara, Ratlam and Dungarpur Districts",Gujarat Gas Limited,Gujarat Gas Limited,
Rajasthan,Ganganagar,11.41,"Fazilka (except area already authorized), Ganganagar and Hanumangarh districts",Bharat Petroleum Corporation Limited,Bharat Petroleum Corporation Limited,
Rajasthan,Hanumangarh,11.41,"Fazilka (except area already authorized), Ganganagar and Hanumangarh districts",Bharat Petroleum Corporation Limited,Bharat Petroleum Corporation Limited,
Rajasthan,Jaipur,9.56,Alwar (Other than Bhiwadi) & Jaipur Districts,Torrent Gas Jaipur Private Limited,Torrent Gas,
Rajasthan,Jaisalmer,9.55,"Barmer, Jaisalmer & Jodhpur Districts",AGP CGD India Private Limited,AGP / AG&P Pratham,
Rajasthan,Jalore,10.35,Jalore and Sirohi Districts,Gujarat Gas Limited,Gujarat Gas Limited,
Rajasthan,Jhalawar,11.22,"Agar Malwa, Neemuch, Mandsaur and Jhalawar districts",Megha City Gas Distribution Private Limited,Megha City Gas Distribution Private Limited,
Rajasthan,Jhunjhunu,11.43,"Jhunjhunu, Sikar and Nagaur districts",Indian Oil Corporation Limited,Indian Oil Corporation Limited,
Rajasthan,Jodhpur,9.55,"Barmer, Jaisalmer & Jodhpur Districts",AGP CGD India Private Limited,AGP / AG&P Pratham,
Rajasthan,Karauli,11.44,"Dausa, Karauli, Sawai Madhopur and Tonk districts",Hindustan Petroleum Corporation Limited,Hindustan Petroleum Corporation Limited,
Rajasthan,Kota,1.02,Kota,Rajasthan State Gas Limited,Rajasthan State Gas Limited,
Rajasthan,Kota,9.57,"Kota District (EAAA), Baran & Chittorgarh (Only Rawatbhata Taluka) Districts",Torrent Gas Private Limited,Torrent Gas,EAAA
Rajasthan,Nagaur,11.43,"Jhunjhunu, Sikar and Nagaur districts",Indian Oil Corporation Limited,Indian Oil Corporation Limited,
Rajasthan,Pali,10.34,"Ajmer, Pali and Rajsamand Districts",Indraprastha Gas Limited,Indraprastha Gas Limited,
Rajasthan,Rajsamand,10.34,"Ajmer, Pali and Rajsamand Districts",Indraprastha Gas Limited,Indraprastha Gas Limited,
Rajasthan,Sawai Madhopur,11.44,"Dausa, Karauli, Sawai Madhopur and Tonk districts",Hindustan Petroleum Corporation Limited,Hindustan Petroleum Corporation Limited,
Rajasthan,Sikar,11.43,"Jhunjhunu, Sikar and Nagaur districts",Indian Oil Corporation Limited,Indian Oil Corporation Limited,
Rajasthan,Sirohi,10.35,Jalore and Sirohi Districts,Gujarat Gas Limited,Gujarat Gas Limited,
Rajasthan,Tonk,11.44,"Dausa, Karauli, Sawai Madhopur and Tonk districts",Hindustan Petroleum Corporation Limited,Hindustan Petroleum Corporation Limited,
Rajasthan,Udaipur,9.59,Chittorgarh (Other than Rawatbhata Taluka) & Udaipur Districts,Adani Total Gas Limited,Adani Total Gas Limited,
Sikkim,East Sikkim,12.05,Sikkim State,GAIL Gas Limited,GAIL Gas Limited,
Sikkim,North Sikkim,12.05,Sikkim State,GAIL Gas Limited,GAIL Gas Limited,
Sikkim,South Sikkim,12.05,Sikkim State,GAIL Gas Limited,GAIL Gas Limited,
Sikkim,West Sikkim,12.05,Sikkim State,GAIL Gas Limited,GAIL Gas Limited,
Tamil Nadu,Ariyalur,11.47,Ariyalur and Perambalur districts,Megha City Gas Distribution Private Limited,Megha City Gas Distribution Private Limited,
Tamil Nadu,Chengalpattu,9.61,Kanchipuram District,AGP CGD India Private Limited,AGP / AG&P Pratham,
Tamil Nadu,Chennai,9.62,Chennai & Tiruvallur Districts,Torrent Gas Chennai Private Limited,Torrent Gas,
Tamil Nadu,Coimbatore,9.63,Coimbatore District,Indian Oil Corporation Limited,Indian Oil Corporation Limited,
Tamil Nadu,Cuddalore,9.64,"Cuddalore, Nagapattinam & Tiruvarur Districts",Adani Total Gas Limited,Adani Total Gas Limited,
Tamil Nadu,Dharmapuri,11.45,Dharmapuri and Krishnagiri districts,Indian Oil Corporation Limited,Indian Oil Corporation Limited,
Tamil Nadu,Dindigul,11.52,Dindigul and Karur districts,Megha City Gas Distribution Private Limited,Megha City Gas Distribution Private Limited,
Tamil Nadu,Erode,11.53,The Nilgiris and Erode districts,Bharat Petroleum Corporation Limited,Bharat Petroleum Corporation Limited,
Tamil Nadu,Kallakurichi,11.46,"Tiruvannamalai, Villupuram and Kallakkurichi districts",Megha City Gas Distribution Private Limited,Megha City Gas Distribution Private Limited,
Tamil Nadu,Kancheepuram,9.61,Kanchipuram District,AGP CGD India Private Limited,AGP / AG&P Pratham,
Tamil Nadu,Kanyakumari,11.51,"Kanyakumari, Thoothukudi, Tiruneveli Kattabo and Tenkasi districts",Indian Oil Corporation Limited,Indian Oil Corporation Limited,
Tamil Nadu,Karur,11.52,Dindigul and Karur districts,Megha City Gas Distribution Private Limited,Megha City Gas Distribution Private Limited,
Tamil Nadu,Krishnagiri,11.45,Dharmapuri and Krishnagiri districts,Indian Oil Corporation Limited,Indian Oil Corporation Limited,
Tamil Nadu,Madurai,11.50,"Madurai, Theni and Virudhnagar districts",Indian Oil Corporation Limited,Indian Oil Corporation Limited,
Tamil Nadu,Nagapattinam,9.50,Karaikal & Nagapattinam Districts,Torrent Gas Private Limited,Torrent Gas,
Tamil Nadu,Nagapattinam,9.64,"Cuddalore, Nagapattinam & Tiruvarur Districts",Adani Total Gas Limited,Adani Total Gas Limited,
Tamil Nadu,Namakkal,11.48,Namakkal and Tiruchirapalli districts,IRM Energy Limited,IRM Energy Limited,
Tamil Nadu,Nilgiris,11.53,The Nilgiris and Erode districts,Bharat Petroleum Corporation Limited,Bharat Petroleum Corporation Limited,
Tamil Nadu,Perambalur,11.47,Ariyalur and Perambalur districts,Megha City Gas Distribution Private Limited,Megha City Gas Distribution Private Limited,
Tamil Nadu,Pudukkottai,11.49,"Pudukottai, Sivaganga and Thanjavur districts",Megha City Gas Distribution Private Limited,Megha City Gas Distribution Private Limited,
Tamil Nadu,Ramanathapuram,9.65,Ramanathapuram District,AGP CGD India Private Limited,AGP / AG&P Pratham,
Tamil Nadu,Ranipet,10.03,"Chittoor, Kolar and Vellore Districts",AGP City Gas Private Limited,AGP / AG&P Pratham,
Tamil Nadu,Salem,9.66,Salem District,Indian Oil Corporation Limited,Indian Oil Corporation Limited,
Tamil Nadu,Sivaganga,11.49,"Pudukottai, Sivaganga and Thanjavur districts",Megha City Gas Distribution Private Limited,Megha City Gas Distribution Private Limited,
Tamil Nadu,Tenkasi,11.51,"Kanyakumari, Thoothukudi, Tiruneveli Kattabo and Tenkasi districts",Indian Oil Corporation Limited,Indian Oil Corporation Limited,
Tamil Nadu,Thanjavur,11.49,"Pudukottai, Sivaganga and Thanjavur districts",Megha City Gas Distribution Private Limited,Megha City Gas Distribution Private Limited,
Tamil Nadu,Theni,11.50,"Madurai, Theni and Virudhnagar districts",Indian Oil Corporation Limited,Indian Oil Corporation Limited,
Tamil Nadu,Thiruvallur,9.62,Chennai & Tiruvallur Districts,Torrent Gas Chennai Private Limited,Torrent Gas,
Tamil Nadu,Thiruvarur,9.64,"Cuddalore, Nagapattinam & Tiruvarur Districts",Adani Total Gas Limited,Adani Total Gas Limited,
Tamil Nadu,Thoothukkudi,11.51,"Kanyakumari, Thoothukudi, Tiruneveli Kattabo and Tenkasi districts",Indian Oil Corporation Limited,Indian Oil Corporation Limited,
Tamil Nadu,Tiruchirappalli,11.48,Namakkal and Tiruchirapalli districts,IRM Energy Limited,IRM Energy Limited,
Tamil Nadu,Tirunelveli,11.51,"Kanyakumari, Thoothukudi, Tiruneveli Kattabo and Tenkasi districts",Indian Oil Corporation Limited,Indian Oil Corporation Limited,
Tamil Nadu,Tirupathur,10.03,"Chittoor, Kolar and Vellore Districts",AGP City Gas Private Limited,AGP / AG&P Pratham,
Tamil Nadu,Tiruppur,9.67,Tiruppur District,Adani Total Gas Limited,Adani Total Gas Limited,
Tamil Nadu,Tiruvannamalai,11.46,"Tiruvannamalai, Villupuram and Kallakkurichi districts",Megha City Gas Distribution Private Limited,Megha City Gas Distribution Private Limited,
Tamil Nadu,Vellore,10.03,"Chittoor, Kolar and Vellore Districts",AGP City Gas Private Limited,AGP / AG&P Pratham,
Tamil Nadu,Viluppuram,11.46,"Tiruvannamalai, Villupuram and Kallakkurichi districts",Megha City Gas Distribution Private Limited,Megha City Gas Distribution Private Limited,
Tamil Nadu,Virudhunagar,11.50,"Madurai, Theni and Virudhnagar districts",Indian Oil Corporation Limited,Indian Oil Corporation Limited,
Telangana,Adilabad,11.54,"Nizamabad, Adilabad, Nirmal, Mancherial Kumuram Bheem Asifabad and Kamareddy districts",Maharashtra Natural Gas Limited,Maharashtra Natural Gas Limited,
Telangana,Bhadradri Kothagudem,9.68,Bhadradri Kothagudem & Khamman Districts,Megha City Gas Distribution Private Limited,Megha City Gas Distribution Private Limited,
Telangana,Hyderabad,99.09,Hyderabad,Bhagyanagar Gas Limited,Bhagyanagar Gas Limited,
Telangana,Jagtial,9.69,"Jagtial, Peddapalli, Karimnagar & Rajanna Sircilla Districts",Indian Oil Corporation Limited,Indian Oil Corporation Limited,
Telangana,Jangaon,9.70,"Jangaon, Jayashankar Bhupalpally, Mahabubabad, Warangal Urban & Warangal Rural Districts",Megha City Gas Distribution Private Limited,Megha City Gas Distribution Private Limited,
Telangana,Jayashankar Bhupalapally,9.70,"Jangaon, Jayashankar Bhupalpally, Mahabubabad, Warangal Urban & Warangal Rural Districts",Megha City Gas Distribution Private Limited,Megha City Gas Distribution Private Limited,
Telangana,Jogulamba Gadwal,11.55,"Jogulamba Gadwal, Nagarkurnool, Mahabubnagar, Narayanpet, Wanaparthy and Yadgir districts#",Megha City Gas Distribution Private Limited,Megha City Gas Distribution Private Limited,
Telangana,Kamareddy,11.54,"Nizamabad, Adilabad, Nirmal, Mancherial Kumuram Bheem Asifabad and Kamareddy districts",Maharashtra Natural Gas Limited,Maharashtra Natural Gas Limited,
Telangana,Karimnagar,9.69,"Jagtial, Peddapalli, Karimnagar & Rajanna Sircilla Districts",Indian Oil Corporation Limited,Indian Oil Corporation Limited,
Telangana,Khammam,9.68,Bhadradri Kothagudem & Khamman Districts,Megha City Gas Distribution Private Limited,Megha City Gas Distribution Private Limited,
Telangana,Komaram Bheem,11.54,"Nizamabad, Adilabad, Nirmal, Mancherial Kumuram Bheem Asifabad and Kamareddy districts",Maharashtra Natural Gas Limited,Maharashtra Natural Gas Limited,
Telangana,Mahabubabad,9.70,"Jangaon, Jayashankar Bhupalpally, Mahabubabad, Warangal Urban & Warangal Rural Districts",Megha City Gas Distribution Private Limited,Megha City Gas Distribution Private Limited,
Telangana,Mahabubnagar,11.55,"Jogulamba Gadwal, Nagarkurnool, Mahabubnagar, Narayanpet, Wanaparthy and Yadgir districts#",Megha City Gas Distribution Private Limited,Megha City Gas Distribution Private Limited,
Telangana,Mancherial,11.54,"Nizamabad, Adilabad, Nirmal, Mancherial Kumuram Bheem Asifabad and Kamareddy districts",Maharashtra Natural Gas Limited,Maharashtra Natural Gas Limited,
Telangana,Medak,9.71,"Medak, Siddipet & Sangareddy Districts",Torrent Gas Private Limited,Torrent Gas,
Telangana,Medak,99.09,Hyderabad,Bhagyanagar Gas Limited,Bhagyanagar Gas Limited,
Telangana,Medchal Malkajgiri,9.72,"Medchal-Malkajgiri, Ranga Reddy & Vikarabad Districts",Megha City Gas Distribution Private Limited,Megha City Gas Distribution Private Limited,
Telangana,Medchal Malkajgiri,99.09,Hyderabad,Bhagyanagar Gas Limited,Bhagyanagar Gas Limited,
Telangana,Mulugu,9.70,"Jangaon, Jayashankar Bhupalpally, Mahabubabad, Warangal Urban & Warangal Rural Districts",Megha City Gas Distribution Private Limited,Megha City Gas Distribution Private Limited,district named in GA title (PDF column under-filled)
Telangana,Nagarkurnool,11.55,"Jogulamba Gadwal, Nagarkurnool, Mahabubnagar, Narayanpet, Wanaparthy and Yadgir districts#",Megha City Gas Distribution Private Limited,Megha City Gas Distribution Private Limited,
Telangana,Nalgonda,9.73,Nalgonda Suryapet & Yadadri Bhuvanagiri Districts,Megha City Gas Distribution Private Limited,Megha City Gas Distribution Private Limited,
Telangana,Narayanpet,11.55,"Jogulamba Gadwal, Nagarkurnool, Mahabubnagar, Narayanpet, Wanaparthy and Yadgir districts#",Megha City Gas Distribution Private Limited,Megha City Gas Distribution Private Limited,
Telangana,Nirmal,11.54,"Nizamabad, Adilabad, Nirmal, Mancherial Kumuram Bheem Asifabad and Kamareddy districts",Maharashtra Natural Gas Limited,Maharashtra Natural Gas Limited,
Telangana,Nizamabad,11.54,"Nizamabad, Adilabad, Nirmal, Mancherial Kumuram Bheem Asifabad and Kamareddy districts",Maharashtra Natural Gas Limited,Maharashtra Natural Gas Limited,
Telangana,Peddapalli,9.69,"Jagtial, Peddapalli, Karimnagar & Rajanna Sircilla Districts",Indian Oil Corporation Limited,Indian Oil Corporation Limited,
Telangana,Rajanna Sircilla,9.69,"Jagtial, Peddapalli, Karimnagar & Rajanna Sircilla Districts",Indian Oil Corporation Limited,Indian Oil Corporation Limited,
Telangana,Ranga Reddy,9.72,"Medchal-Malkajgiri, Ranga Reddy & Vikarabad Districts",Megha City Gas Distribution Private Limited,Megha City Gas Distribution Private Limited,
Telangana,Ranga Reddy,99.09,Hyderabad,Bhagyanagar Gas Limited,Bhagyanagar Gas Limited,
Telangana,Sangareddy,9.71,"Medak, Siddipet & Sangareddy Districts",Torrent Gas Private Limited,Torrent Gas,
Telangana,Sangareddy,99.09,Hyderabad,Bhagyanagar Gas Limited,Bhagyanagar Gas Limited,
Telangana,Siddipet,9.71,"Medak, Siddipet & Sangareddy Districts",Torrent Gas Private Limited,Torrent Gas,
Telangana,Suryapet,9.73,Nalgonda Suryapet & Yadadri Bhuvanagiri Districts,Megha City Gas Distribution Private Limited,Megha City Gas Distribution Private Limited,
Telangana,Vikarabad,9.72,"Medchal-Malkajgiri, Ranga Reddy & Vikarabad Districts",Megha City Gas Distribution Private Limited,Megha City Gas Distribution Private Limited,
Telangana,Wanaparthy,11.55,"Jogulamba Gadwal, Nagarkurnool, Mahabubnagar, Narayanpet, Wanaparthy and Yadgir districts#",Megha City Gas Distribution Private Limited,Megha City Gas Distribution Private Limited,
Telangana,Warangal Rural,9.70,"Jangaon, Jayashankar Bhupalpally, Mahabubabad, Warangal Urban & Warangal Rural Districts",Megha City Gas Distribution Private Limited,Megha City Gas Distribution Private Limited,
Telangana,Warangal Urban,9.70,"Jangaon, Jayashankar Bhupalpally, Mahabubabad, Warangal Urban & Warangal Rural Districts",Megha City Gas Distribution Private Limited,Megha City Gas Distribution Private Limited,
Telangana,Yadadri Bhuvanagiri,9.73,Nalgonda Suryapet & Yadadri Bhuvanagiri Districts,Megha City Gas Distribution Private Limited,Megha City Gas Distribution Private Limited,
Tripura,Dhalai,11.57,"Dhalai, North Tripura, Unakoti and Khowai",North East Gas Distribution Private Limited,North East Gas Distribution Private Limited,
Tripura,Gomati,9.74,Gomati District,Tripura Natural Gas Company Limited,Tripura Natural Gas Company Limited,
Tripura,Khowai,11.57,"Dhalai, North Tripura, Unakoti and Khowai",North East Gas Distribution Private Limited,North East Gas Distribution Private Limited,
Tripura,North Tripura,11.57,"Dhalai, North Tripura, Unakoti and Khowai",North East Gas Distribution Private Limited,North East Gas Distribution Private Limited,
Tripura,Sipahijala,11.56,South Tripura and Sepahijala district,North East Gas Distribution Private Limited,North East Gas Distribution Private Limited,
Tripura,South Tripura,11.56,South Tripura and Sepahijala district,North East Gas Distribution Private Limited,North East Gas Distribution Private Limited,
Tripura,Unokoti,11.57,"Dhalai, North Tripura, Unakoti and Khowai",North East Gas Distribution Private Limited,North East Gas Distribution Private Limited,
Tripura,West Tripura,9.75,West Tripura (EAAA) District,Tripura Natural Gas Company Limited,Tripura Natural Gas Company Limited,EAAA
Tripura,West Tripura,99.16,Agartala,Tripura Natural Gas Company Limited,Tripura Natural Gas Company Limited,
Uttar Pradesh,Agra,99.10,Agra,Green Gas Limited,Green Gas Limited,
Uttar Pradesh,Aligarh,9.76,"Bulandshahr District (EAAA), Aligarh & Hathras Districts",Indian Oil-Adani Gas Private Limited,Indian Oil-Adani Gas Private Limited,
Uttar Pradesh,Aligarh,99.13,Firozabad (Taj Trapezium Zone),GAIL Gas Limited,GAIL Gas Limited,
Uttar Pradesh,Ambedkar Nagar,10.38,Basti and Ambedkarnagar Districts,Torrent Gas Private Limited,Torrent Gas,
Uttar Pradesh,Amethi,9.78,"Amethi, Pratapgarh & Raebareli Districts",Bharat Petroleum Corporation Limited,Bharat Petroleum Corporation Limited,
Uttar Pradesh,Amroha,11.58,Amroha (except area already authorized) & Sambhal (except area already authorized) districts,Megha City Gas Distribution Private Limited,Megha City Gas Distribution Private Limited,except area already authorized
Uttar Pradesh,Auraiya,9.79,"Auraiya, Kanpur Dehat & Etawah Districts",Torrent Gas Private Limited,Torrent Gas,
Uttar Pradesh,Ayodhya,9.80,Faizabad & Sultanpur Districts,Green Gas Limited,Green Gas Limited,
Uttar Pradesh,Azamgarh,10.36,"Azamgarh, Mau and Ballia Districts",Torrent Gas Private Limited,Torrent Gas,
Uttar Pradesh,Baghpat,8.06,Bagpat District,Bagpat Green Energy Private Limited,Bagpat Green Energy Private Limited,
Uttar Pradesh,Bahraich,11A.01,"Lakhimpur Kheri, Sitapur, Bahraich, Shrawasti, Balrampur, Siddharth Nagar & Maharajganj districts",Bharat Petroleum Corporation Limited,Bharat Petroleum Corporation Limited,
Uttar Pradesh,Ballia,10.36,"Azamgarh, Mau and Ballia Districts",Torrent Gas Private Limited,Torrent Gas,
Uttar Pradesh,Balrampur,11A.01,"Lakhimpur Kheri, Sitapur, Bahraich, Shrawasti, Balrampur, Siddharth Nagar & Maharajganj districts",Bharat Petroleum Corporation Limited,Bharat Petroleum Corporation Limited,
Uttar Pradesh,Banda,11.63,"Banda, Chitrakoot and Mahoba",Indraprastha Gas Limited,Indraprastha Gas Limited,
Uttar Pradesh,Barabanki,10.40,Gonda and Barabanki Districts,Torrent Gas Private Limited,Torrent Gas,
Uttar Pradesh,Bareilly,10.37,"Bareilly (EAAA) District, Pilibhit and Rampur Districts",Hindustan Petroleum Corporation Limited,Hindustan Petroleum Corporation Limited,EAAA
Uttar Pradesh,Bareilly,99.03,Bareilly,Central UP Gas Limited,Central UP Gas Limited,
Uttar Pradesh,Basti,10.38,Basti and Ambedkarnagar Districts,Torrent Gas Private Limited,Torrent Gas,
Uttar Pradesh,Bhadohi,9.77,"Allahabad District (EAAA), Bhadohi & Kaushambi Districts",Indian Oil-Adani Gas Private Limited,Indian Oil-Adani Gas Private Limited,
Uttar Pradesh,Bijnor,10.46,Bijnor and Nainital Districts,Hindustan Petroleum Corporation Limited,Hindustan Petroleum Corporation Limited,
Uttar Pradesh,Budaun,10.45,Shahjahanpur and Budaun Districts,Hindustan Petroleum Corporation Limited,Hindustan Petroleum Corporation Limited,
Uttar Pradesh,Bulandshahr,8.05,Bulandshahr (part) District,Indian Oil-Adani Gas Private Limited,Indian Oil-Adani Gas Private Limited,part
Uttar Pradesh,Bulandshahr,9.76,"Bulandshahr District (EAAA), Aligarh & Hathras Districts",Indian Oil-Adani Gas Private Limited,Indian Oil-Adani Gas Private Limited,EAAA
Uttar Pradesh,Bulandshahr,98.01,Khurja,Adani Total Gas Limited,Adani Total Gas Limited,
Uttar Pradesh,Chandauli,10.44,"Mirzapur, Chandauli and Sonbhadra Districts",GAIL Gas Limited,GAIL Gas Limited,
Uttar Pradesh,Chitrakoot,11.63,"Banda, Chitrakoot and Mahoba",Indraprastha Gas Limited,Indraprastha Gas Limited,
Uttar Pradesh,Deoria,11.07,"Gopalganj, Siwan, West Champaran, East Champaran and Deoria districts",Bharat Petroleum Corporation Limited,Bharat Petroleum Corporation Limited,
Uttar Pradesh,Etah,10.39,"Farrukhabad, Etah and Hardoi Districts",Hindustan Petroleum Corporation Limited,Hindustan Petroleum Corporation Limited,
Uttar Pradesh,Etawah,9.79,"Auraiya, Kanpur Dehat & Etawah Districts",Torrent Gas Private Limited,Torrent Gas,
Uttar Pradesh,Farrukhabad,10.39,"Farrukhabad, Etah and Hardoi Districts",Hindustan Petroleum Corporation Limited,Hindustan Petroleum Corporation Limited,
Uttar Pradesh,Fatehpur,10.42,"Kanpur (EAAA) District, Fatehpur and Hamirpur Districts",Indraprastha Gas Limited,Indraprastha Gas Limited,
Uttar Pradesh,Firozabad,99.13,Firozabad (Taj Trapezium Zone),GAIL Gas Limited,GAIL Gas Limited,
Uttar Pradesh,Gautam Buddha Nagar,99.20,Noida (including Greater Noida),Indraprastha Gas Limited,Indraprastha Gas Limited,including Greater Noida
Uttar Pradesh,Ghaziabad,99.19,Ghaziabad & Hapur Districts,Indraprastha Gas Limited,Indraprastha Gas Limited,
Uttar Pradesh,Ghazipur,10.41,Jaunpur and Ghazipur Districts,Indian Oil-Adani Gas Private Limited,Indian Oil-Adani Gas Private Limited,
Uttar Pradesh,Gonda,10.40,Gonda and Barabanki Districts,Torrent Gas Private Limited,Torrent Gas,
Uttar Pradesh,Gorakhpur,9.81,"Gorakhpur, Sant Kabir Nagar & Kushinagar Districts",Torrent Gas Private Limited,Torrent Gas,
Uttar Pradesh,Hamirpur,10.42,"Kanpur (EAAA) District, Fatehpur and Hamirpur Districts",Indraprastha Gas Limited,Indraprastha Gas Limited,
Uttar Pradesh,Hapur,99.19,Ghaziabad & Hapur Districts,Indraprastha Gas Limited,Indraprastha Gas Limited,
Uttar Pradesh,Hardoi,10.39,"Farrukhabad, Etah and Hardoi Districts",Hindustan Petroleum Corporation Limited,Hindustan Petroleum Corporation Limited,
Uttar Pradesh,Hathras,9.76,"Bulandshahr District (EAAA), Aligarh & Hathras Districts",Indian Oil-Adani Gas Private Limited,Indian Oil-Adani Gas Private Limited,
Uttar Pradesh,Hathras,99.13,Firozabad (Taj Trapezium Zone),GAIL Gas Limited,GAIL Gas Limited,
Uttar Pradesh,Jalaun,10.31,"Jhansi (EAAA) District, Bhind, Jalaun, Lalitpur and Datia Districts",Adani Total Gas Limited,Adani Total Gas Limited,
Uttar Pradesh,Jaunpur,10.41,Jaunpur and Ghazipur Districts,Indian Oil-Adani Gas Private Limited,Indian Oil-Adani Gas Private Limited,
Uttar Pradesh,Jhansi,2.03,Jhansi,Central UP Gas Limited,Central UP Gas Limited,
Uttar Pradesh,Jhansi,10.31,"Jhansi (EAAA) District, Bhind, Jalaun, Lalitpur and Datia Districts",Adani Total Gas Limited,Adani Total Gas Limited,
Uttar Pradesh,Kannauj,10.43,Mainpuri and Kannauj Districts,Hindustan Petroleum Corporation Limited,Hindustan Petroleum Corporation Limited,
Uttar Pradesh,Kanpur Dehat,9.79,"Auraiya, Kanpur Dehat & Etawah Districts",Torrent Gas Private Limited,Torrent Gas,
Uttar Pradesh,Kanpur Nagar,10.42,"Kanpur (EAAA) District, Fatehpur and Hamirpur Districts",Indraprastha Gas Limited,Indraprastha Gas Limited,EAAA
Uttar Pradesh,Kanpur Nagar,99.04,Kanpur,Central UP Gas Limited,Central UP Gas Limited,
Uttar Pradesh,Kasganj,11.59,Kasganj district,Megha City Gas Distribution Private Limited,Megha City Gas Distribution Private Limited,
Uttar Pradesh,Kaushambi,9.77,"Allahabad District (EAAA), Bhadohi & Kaushambi Districts",Indian Oil-Adani Gas Private Limited,Indian Oil-Adani Gas Private Limited,
Uttar Pradesh,Kushinagar,9.81,"Gorakhpur, Sant Kabir Nagar & Kushinagar Districts",Torrent Gas Private Limited,Torrent Gas,
Uttar Pradesh,Lakhimpur Kheri,11A.01,"Lakhimpur Kheri, Sitapur, Bahraich, Shrawasti, Balrampur, Siddharth Nagar & Maharajganj districts",Bharat Petroleum Corporation Limited,Bharat Petroleum Corporation Limited,
Uttar Pradesh,Lalitpur,10.31,"Jhansi (EAAA) District, Bhind, Jalaun, Lalitpur and Datia Districts",Adani Total Gas Limited,Adani Total Gas Limited,
Uttar Pradesh,Lucknow,99.17,Lucknow,Green Gas Limited,Green Gas Limited,
Uttar Pradesh,Maharajganj,11A.01,"Lakhimpur Kheri, Sitapur, Bahraich, Shrawasti, Balrampur, Siddharth Nagar & Maharajganj districts",Bharat Petroleum Corporation Limited,Bharat Petroleum Corporation Limited,
Uttar Pradesh,Mahoba,11.63,"Banda, Chitrakoot and Mahoba",Indraprastha Gas Limited,Indraprastha Gas Limited,
Uttar Pradesh,Mainpuri,10.43,Mainpuri and Kannauj Districts,Hindustan Petroleum Corporation Limited,Hindustan Petroleum Corporation Limited,
Uttar Pradesh,Mathura,1.03,Mathura,Torrent Gas Private Limited,Torrent Gas,
Uttar Pradesh,Mathura,99.13,Firozabad (Taj Trapezium Zone),GAIL Gas Limited,GAIL Gas Limited,
Uttar Pradesh,Mau,10.36,"Azamgarh, Mau and Ballia Districts",Torrent Gas Private Limited,Torrent Gas,
Uttar Pradesh,Meerut,1.06,Meerut,GAIL Gas Limited,GAIL Gas Limited,
Uttar Pradesh,Meerut,9.82,"Meerut District (EAAA), Muzaffarnagar & Shamli Districts",Indraprastha Gas Limited,Indraprastha Gas Limited,EAAA
Uttar Pradesh,Mirzapur,10.44,"Mirzapur, Chandauli and Sonbhadra Districts",GAIL Gas Limited,GAIL Gas Limited,
Uttar Pradesh,Moradabad,9.83,Moradabad (EAAA) District,Torrent Gas Private Limited,Torrent Gas,EAAA
Uttar Pradesh,Moradabad,98.03,Moradabad,Torrent Gas Moradabad Limited,Torrent Gas,
Uttar Pradesh,Muzaffarnagar,9.82,"Meerut District (EAAA), Muzaffarnagar & Shamli Districts",Indraprastha Gas Limited,Indraprastha Gas Limited,
Uttar Pradesh,Pilibhit,10.37,"Bareilly (EAAA) District, Pilibhit and Rampur Districts",Hindustan Petroleum Corporation Limited,Hindustan Petroleum Corporation Limited,
Uttar Pradesh,Pratapgarh,9.78,"Amethi, Pratapgarh & Raebareli Districts",Bharat Petroleum Corporation Limited,Bharat Petroleum Corporation Limited,
Uttar Pradesh,Prayagraj,2.02,Allahabad,Indian Oil-Adani Gas Private Limited,Indian Oil-Adani Gas Private Limited,
Uttar Pradesh,Prayagraj,9.77,"Allahabad District (EAAA), Bhadohi & Kaushambi Districts",Indian Oil-Adani Gas Private Limited,Indian Oil-Adani Gas Private Limited,EAAA
Uttar Pradesh,Rae Bareli,9.78,"Amethi, Pratapgarh & Raebareli Districts",Bharat Petroleum Corporation Limited,Bharat Petroleum Corporation Limited,
Uttar Pradesh,Rampur,10.37,"Bareilly (EAAA) District, Pilibhit and Rampur Districts",Hindustan Petroleum Corporation Limited,Hindustan Petroleum Corporation Limited,
Uttar Pradesh,Saharanpur,6.02,Saharanpur District,Bharat Petroleum Corporation Limited,Bharat Petroleum Corporation Limited,
Uttar Pradesh,Sambhal,11.58,Amroha (except area already authorized) & Sambhal (except area already authorized) districts,Megha City Gas Distribution Private Limited,Megha City Gas Distribution Private Limited,except area already authorized
Uttar Pradesh,Sant Kabir Nagar,9.81,"Gorakhpur, Sant Kabir Nagar & Kushinagar Districts",Torrent Gas Private Limited,Torrent Gas,
Uttar Pradesh,Shahjahanpur,10.45,Shahjahanpur and Budaun Districts,Hindustan Petroleum Corporation Limited,Hindustan Petroleum Corporation Limited,
Uttar Pradesh,Shamli,9.82,"Meerut District (EAAA), Muzaffarnagar & Shamli Districts",Indraprastha Gas Limited,Indraprastha Gas Limited,
Uttar Pradesh,Shrawasti,11A.01,"Lakhimpur Kheri, Sitapur, Bahraich, Shrawasti, Balrampur, Siddharth Nagar & Maharajganj districts",Bharat Petroleum Corporation Limited,Bharat Petroleum Corporation Limited,
Uttar Pradesh,Siddharthnagar,11A.01,"Lakhimpur Kheri, Sitapur, Bahraich, Shrawasti, Balrampur, Siddharth Nagar & Maharajganj districts",Bharat Petroleum Corporation Limited,Bharat Petroleum Corporation Limited,
Uttar Pradesh,Sitapur,11A.01,"Lakhimpur Kheri, Sitapur, Bahraich, Shrawasti, Balrampur, Siddharth Nagar & Maharajganj districts",Bharat Petroleum Corporation Limited,Bharat Petroleum Corporation Limited,
Uttar Pradesh,Sonbhadra,10.44,"Mirzapur, Chandauli and Sonbhadra Districts",GAIL Gas Limited,GAIL Gas Limited,
Uttar Pradesh,Sultanpur,9.80,Faizabad & Sultanpur Districts,Green Gas Limited,Green Gas Limited,
Uttar Pradesh,Unnao,9.84,Unnao (EAAA) District,Green Gas Limited,Green Gas Limited,EAAA
Uttar Pradesh,Varanasi,97.06,Varanasi District,GAIL (India) Limited,GAIL (India) Limited,
Uttarakhand,Almora,11.65,"Pithoragarh, Champawat, Almora, Chamoli and Bageshwar districts",Gasonet Services (UK) Limited,Gasonet Services,
Uttarakhand,Bageshwar,11.65,"Pithoragarh, Champawat, Almora, Chamoli and Bageshwar districts",Gasonet Services (UK) Limited,Gasonet Services,
Uttarakhand,Chamoli,11.65,"Pithoragarh, Champawat, Almora, Chamoli and Bageshwar districts",Gasonet Services (UK) Limited,Gasonet Services,
Uttarakhand,Champawat,11.65,"Pithoragarh, Champawat, Almora, Chamoli and Bageshwar districts",Gasonet Services (UK) Limited,Gasonet Services,
Uttarakhand,Dehradun,9.85,Dehradun District,GAIL Gas Limited,GAIL Gas Limited,
Uttarakhand,Haridwar,5.02,Haridwar District,Haridwar Natural Gas Private Limited,Haridwar Natural Gas Private Limited,
Uttarakhand,Nainital,10.46,Bijnor and Nainital Districts,Hindustan Petroleum Corporation Limited,Hindustan Petroleum Corporation Limited,
Uttarakhand,Pauri Garhwal,11.64,"Pauri Garhwal, Uttarkashi, Rudraprayag and Tehri Garhwal districts",Gasonet Services (UK) Limited,Gasonet Services,
Uttarakhand,Pithoragarh,11.65,"Pithoragarh, Champawat, Almora, Chamoli and Bageshwar districts",Gasonet Services (UK) Limited,Gasonet Services,
Uttarakhand,Rudraprayag,11.64,"Pauri Garhwal, Uttarkashi, Rudraprayag and Tehri Garhwal districts",Gasonet Services (UK) Limited,Gasonet Services,
Uttarakhand,Tehri Garhwal,11.64,"Pauri Garhwal, Uttarkashi, Rudraprayag and Tehri Garhwal districts",Gasonet Services (UK) Limited,Gasonet Services,
Uttarakhand,Udham Singh Nagar,5.01,Udham Singh Nagar District,Indian Oil-Adani Gas Private Limited,Indian Oil-Adani Gas Private Limited,
Uttarakhand,Uttarkashi,11.64,"Pauri Garhwal, Uttarkashi, Rudraprayag and Tehri Garhwal districts",Gasonet Services (UK) Limited,Gasonet Services,
West Bengal,Alipurduar,11.62,Alipurduar and Koch Bihar,Bharat Petroleum Corporation Limited,Bharat Petroleum Corporation Limited,
West Bengal,Bankura,11.60,Purulia and Bankura districts,Bharat Petroleum Corporation Limited,Bharat Petroleum Corporation Limited,
West Bengal,Birbhum,11A.03,"Birbhum, Murshidabad, Maldah & Dakshin Dinajpur districts",Hindustan Petroleum Corporation Limited,Hindustan Petroleum Corporation Limited,
West Bengal,Cooch Behar,11.62,Alipurduar and Koch Bihar,Bharat Petroleum Corporation Limited,Bharat Petroleum Corporation Limited,
West Bengal,Dakshin Dinajpur,11A.03,"Birbhum, Murshidabad, Maldah & Dakshin Dinajpur districts",Hindustan Petroleum Corporation Limited,Hindustan Petroleum Corporation Limited,
West Bengal,Darjeeling,10.47,"Darjeeling, Jalpaiguri and Uttar Dinajpur Districts",Hindustan Petroleum Corporation Limited,Hindustan Petroleum Corporation Limited,
West Bengal,Hooghly,10.48,Howrah (EAAA) District and Hoogly (EAAA) District,Hindustan Petroleum Corporation Limited,Hindustan Petroleum Corporation Limited,
West Bengal,Hooghly,99.14,Kolkata Muncipal Corporation and Parts of Adjoining Districts,Bengal Gas Company Limited,Bengal Gas Company Limited,
West Bengal,Howrah,10.48,Howrah (EAAA) District and Hoogly (EAAA) District,Hindustan Petroleum Corporation Limited,Hindustan Petroleum Corporation Limited,
West Bengal,Howrah,99.14,Kolkata Muncipal Corporation and Parts of Adjoining Districts,Bengal Gas Company Limited,Bengal Gas Company Limited,
West Bengal,Jalpaiguri,10.47,"Darjeeling, Jalpaiguri and Uttar Dinajpur Districts",Hindustan Petroleum Corporation Limited,Hindustan Petroleum Corporation Limited,
West Bengal,Jhargram,11.61,"East Mednipore, West Mednipore and Jhargram districts",Indian Oil Corporation Limited,Indian Oil Corporation Limited,
West Bengal,Kolkata,99.14,Kolkata Muncipal Corporation and Parts of Adjoining Districts,Bengal Gas Company Limited,Bengal Gas Company Limited,
West Bengal,Malda,11A.03,"Birbhum, Murshidabad, Maldah & Dakshin Dinajpur districts",Hindustan Petroleum Corporation Limited,Hindustan Petroleum Corporation Limited,
West Bengal,Murshidabad,11A.03,"Birbhum, Murshidabad, Maldah & Dakshin Dinajpur districts",Hindustan Petroleum Corporation Limited,Hindustan Petroleum Corporation Limited,
West Bengal,Nadia,10.49,Nadia (EAAA) District and North 24 Parganas (EAAA) District,Hindustan Petroleum Corporation Limited,Hindustan Petroleum Corporation Limited,
West Bengal,Nadia,99.14,Kolkata Muncipal Corporation and Parts of Adjoining Districts,Bengal Gas Company Limited,Bengal Gas Company Limited,
West Bengal,North 24 Parganas,10.49,Nadia (EAAA) District and North 24 Parganas (EAAA) District,Hindustan Petroleum Corporation Limited,Hindustan Petroleum Corporation Limited,
West Bengal,North 24 Parganas,99.14,Kolkata Muncipal Corporation and Parts of Adjoining Districts,Bengal Gas Company Limited,Bengal Gas Company Limited,
West Bengal,Paschim Bardhaman,9.86,Burdwan District,Indian Oil-Adani Gas Private Limited,Indian Oil-Adani Gas Private Limited,
West Bengal,Paschim Medinipur,11.61,"East Mednipore, West Mednipore and Jhargram districts",Indian Oil Corporation Limited,Indian Oil Corporation Limited,
West Bengal,Purba Bardhaman,9.86,Burdwan District,Indian Oil-Adani Gas Private Limited,Indian Oil-Adani Gas Private Limited,
West Bengal,Purba Medinipur,11.61,"East Mednipore, West Mednipore and Jhargram districts",Indian Oil Corporation Limited,Indian Oil Corporation Limited,
West Bengal,Purulia,11.60,Purulia and Bankura districts,Bharat Petroleum Corporation Limited,Bharat Petroleum Corporation Limited,
West Bengal,South 24 Parganas,10.50,South 24 Parganas (EAAA) District,Hindustan Petroleum Corporation Limited,Hindustan Petroleum Corporation Limited,
West Bengal,South 24 Parganas,99.14,Kolkata Muncipal Corporation and Parts of Adjoining Districts,Bengal Gas Company Limited,Bengal Gas Company Limited,
West Bengal,Uttar Dinajpur,10.47,"Darjeeling, Jalpaiguri and Uttar Dinajpur Districts",Hindustan Petroleum Corporation Limited,Hindustan Petroleum Corporation Limited,
